timestamp,side,price,quantity,order_type
1790606862325236100,BUY,64995.0,1,LIMIT
1790606862375236100,SELL,65002.0,8,LIMIT
1790606862425236100,SELL,65000.0,6,LIMIT
1790606862475236100,BUY,65001.5,1,MARKET
1790606862525236100,SELL,65007.0,10,LIMIT
1790606862575236100,SELL,64998.5,4,MARKET
1790606862625236100,BUY,64989.0,12,MARKET
1790606862675236100,SELL,64996.5,7,LIMIT
1790606862725236100,SELL,64996.5,14,MARKET
1790606862775236100,SELL,64998.5,15,LIMIT
1790606862825236100,BUY,64997.0,5,LIMIT
1790606862875236100,BUY,64991.0,15,LIMIT
1790606862925236100,BUY,64995.0,7,LIMIT
1790606862975236100,SELL,64998.5,2,LIMIT
1790606863025236100,BUY,64992.5,2,LIMIT
1790606863075236100,BUY,64992.5,10,LIMIT
1790606863125236100,SELL,65003.0,5,LIMIT
1790606863175236100,SELL,65007.5,14,LIMIT
1790606863225236100,BUY,65005.0,6,MARKET
1790606863275236100,SELL,65003.5,7,LIMIT
1790606863325236100,SELL,64999.0,12,LIMIT
1790606863375236100,BUY,64992.5,6,LIMIT
1790606863425236100,BUY,64987.5,4,LIMIT
1790606863475236100,SELL,64992.0,9,LIMIT
1790606863525236100,SELL,64992.0,9,LIMIT
1790606863575236100,SELL,64990.0,13,LIMIT
1790606863625236100,SELL,64984.5,1,LIMIT
1790606863675236100,SELL,64980.0,6,LIMIT
1790606863725236100,SELL,64979.0,2,LIMIT
1790606863775236100,BUY,64976.5,1,LIMIT
1790606863825236100,BUY,64970.5,6,LIMIT
1790606863875236100,BUY,64974.0,9,LIMIT
1790606863925236100,SELL,64975.5,15,LIMIT
1790606863975236100,BUY,64970.5,10,LIMIT
1790606864025236100,SELL,64978.5,11,LIMIT
1790606864075236100,SELL,64979.0,3,LIMIT
1790606864125236100,SELL,64982.0,12,LIMIT
1790606864175236100,SELL,64981.0,10,MARKET
1790606864225236100,BUY,64976.5,1,LIMIT
1790606864275236100,BUY,64972.5,3,LIMIT
1790606864325236100,BUY,64973.0,13,LIMIT
1790606864375236100,SELL,64980.0,4,LIMIT
1790606864425236100,BUY,64974.0,6,LIMIT
1790606864475236100,SELL,64974.0,5,LIMIT
1790606864525236100,BUY,64966.0,7,LIMIT
1790606864575236100,BUY,64962.5,15,LIMIT
1790606864625236100,SELL,64967.0,11,LIMIT
1790606864675236100,SELL,64962.0,14,LIMIT
1790606864725236100,BUY,64962.5,6,LIMIT
1790606864775236100,SELL,64961.5,8,LIMIT
1790606864825236100,BUY,64957.5,1,MARKET
1790606864875236100,SELL,64966.5,6,LIMIT
1790606864925236100,BUY,64964.5,7,LIMIT
1790606864975236100,SELL,64970.5,12,LIMIT
1790606865025236100,BUY,64965.5,2,LIMIT
1790606865075236100,BUY,64972.5,11,LIMIT
1790606865125236100,SELL,64980.5,4,LIMIT
1790606865175236100,BUY,64973.0,4,LIMIT
1790606865225236100,SELL,64978.5,4,LIMIT
1790606865275236100,BUY,64975.0,7,LIMIT
1790606865325236100,SELL,64978.0,9,LIMIT
1790606865375236100,BUY,64973.0,4,LIMIT
1790606865425236100,SELL,64985.5,15,LIMIT
1790606865475236100,BUY,64973.0,5,LIMIT
1790606865525236100,SELL,64976.0,3,LIMIT
1790606865575236100,BUY,64973.5,10,LIMIT
1790606865625236100,SELL,64980.5,14,LIMIT
1790606865675236100,BUY,64972.0,12,LIMIT
1790606865725236100,SELL,64982.5,11,LIMIT
1790606865775236100,BUY,64971.5,2,LIMIT
1790606865825236100,SELL,64969.0,9,LIMIT
1790606865875236100,BUY,64966.5,3,MARKET
1790606865925236100,BUY,64968.5,10,MARKET
1790606865975236100,BUY,64973.5,3,LIMIT
1790606866025236100,SELL,64980.5,12,LIMIT
1790606866075236100,BUY,64974.0,4,MARKET
1790606866125236100,BUY,64971.5,14,LIMIT
1790606866175236100,SELL,64978.5,13,LIMIT
1790606866225236100,BUY,64972.0,13,LIMIT
1790606866275236100,SELL,64971.0,15,LIMIT
1790606866325236100,SELL,64972.5,14,MARKET
1790606866375236100,SELL,64966.5,7,LIMIT
1790606866425236100,BUY,64962.0,9,MARKET
1790606866475236100,BUY,64960.0,14,LIMIT
1790606866525236100,SELL,64966.5,2,MARKET
1790606866575236100,BUY,64952.5,5,LIMIT
1790606866625236100,BUY,64959.5,3,LIMIT
1790606866675236100,SELL,64966.5,2,LIMIT
1790606866725236100,BUY,64958.0,8,LIMIT
1790606866775236100,BUY,64960.5,9,LIMIT
1790606866825236100,BUY,64963.0,3,LIMIT
1790606866875236100,BUY,64956.0,2,LIMIT
1790606866925236100,BUY,64952.5,8,LIMIT
1790606866975236100,BUY,64951.0,1,LIMIT
1790606867025236100,SELL,64948.0,8,LIMIT
1790606867075236100,SELL,64952.5,3,LIMIT
1790606867125236100,SELL,64951.0,9,LIMIT
1790606867175236100,BUY,64944.5,10,LIMIT
1790606867225236100,BUY,64943.0,6,LIMIT
1790606867275236100,BUY,64942.5,12,LIMIT
1790606867325236100,SELL,64948.5,9,LIMIT
1790606867375236100,SELL,64956.0,4,LIMIT
1790606867425236100,SELL,64952.5,11,LIMIT
1790606867475236100,BUY,64942.0,15,LIMIT
1790606867525236100,BUY,64939.0,3,LIMIT
1790606867575236100,BUY,64937.5,13,LIMIT
1790606867625236100,SELL,64939.0,3,LIMIT
1790606867675236100,SELL,64938.5,15,LIMIT
1790606867725236100,BUY,64933.0,4,MARKET
1790606867775236100,SELL,64940.0,15,LIMIT
1790606867825236100,SELL,64935.5,1,LIMIT
1790606867875236100,BUY,64925.5,14,LIMIT
1790606867925236100,BUY,64924.0,3,LIMIT
1790606867975236100,BUY,64918.0,9,LIMIT
1790606868025236100,SELL,64917.0,1,LIMIT
1790606868075236100,BUY,64915.0,7,LIMIT
1790606868125236100,SELL,64922.0,12,LIMIT
1790606868175236100,BUY,64920.5,7,LIMIT
1790606868225236100,SELL,64924.0,6,LIMIT
1790606868275236100,BUY,64922.5,6,LIMIT
1790606868325236100,SELL,64930.5,1,LIMIT
1790606868375236100,BUY,64934.5,13,LIMIT
1790606868425236100,BUY,64927.5,3,LIMIT
1790606868475236100,BUY,64922.0,13,MARKET
1790606868525236100,SELL,64931.5,11,LIMIT
1790606868575236100,BUY,64922.0,9,LIMIT
1790606868625236100,SELL,64926.5,11,LIMIT
1790606868675236100,SELL,64925.0,15,LIMIT
1790606868725236100,BUY,64910.5,4,LIMIT
1790606868775236100,BUY,64919.5,14,LIMIT
1790606868825236100,BUY,64922.0,2,LIMIT
1790606868875236100,BUY,64924.5,3,LIMIT
1790606868925236100,SELL,64935.0,15,LIMIT
1790606868975236100,BUY,64921.5,12,LIMIT
1790606869025236100,BUY,64926.0,6,LIMIT
1790606869075236100,SELL,64940.0,5,MARKET
1790606869125236100,SELL,64936.0,6,LIMIT
1790606869175236100,BUY,64936.5,14,MARKET
1790606869225236100,BUY,64939.5,3,LIMIT
1790606869275236100,SELL,64935.5,14,LIMIT
1790606869325236100,BUY,64938.5,11,LIMIT
1790606869375236100,SELL,64939.5,8,MARKET
1790606869425236100,BUY,64937.5,5,MARKET
1790606869475236100,SELL,64945.5,11,LIMIT
1790606869525236100,SELL,64947.0,5,LIMIT
1790606869575236100,SELL,64943.5,11,LIMIT
1790606869625236100,SELL,64944.5,12,MARKET
1790606869675236100,BUY,64932.5,15,LIMIT
1790606869725236100,BUY,64927.5,9,MARKET
1790606869775236100,SELL,64931.5,15,MARKET
1790606869825236100,SELL,64931.0,10,LIMIT
1790606869875236100,BUY,64933.0,4,LIMIT
1790606869925236100,BUY,64936.5,13,LIMIT
1790606869975236100,SELL,64936.0,6,LIMIT
1790606870025236100,SELL,64939.5,11,LIMIT
1790606870075236100,BUY,64937.5,14,LIMIT
1790606870125236100,SELL,64943.5,15,LIMIT
1790606870175236100,SELL,64952.5,11,LIMIT
1790606870225236100,BUY,64948.5,7,LIMIT
1790606870275236100,SELL,64956.0,12,LIMIT
1790606870325236100,BUY,64956.0,8,LIMIT
1790606870375236100,BUY,64957.5,13,LIMIT
1790606870425236100,BUY,64955.5,11,LIMIT
1790606870475236100,BUY,64962.0,7,LIMIT
1790606870525236100,BUY,64963.0,5,MARKET
1790606870575236100,BUY,64966.0,12,LIMIT
1790606870625236100,BUY,64965.5,14,MARKET
1790606870675236100,BUY,64966.0,1,LIMIT
1790606870725236100,SELL,64963.5,6,LIMIT
1790606870775236100,SELL,64958.5,2,LIMIT
1790606870825236100,SELL,64956.5,3,LIMIT
1790606870875236100,BUY,64948.0,10,LIMIT
1790606870925236100,BUY,64950.0,6,LIMIT
1790606870975236100,BUY,64955.5,3,LIMIT
1790606871025236100,SELL,64959.5,3,LIMIT
1790606871075236100,BUY,64952.0,5,MARKET
1790606871125236100,BUY,64958.0,9,LIMIT
1790606871175236100,BUY,64957.5,2,LIMIT
1790606871225236100,BUY,64956.0,15,MARKET
1790606871275236100,SELL,64969.0,10,MARKET
1790606871325236100,BUY,64963.5,10,LIMIT
1790606871375236100,SELL,64968.0,10,LIMIT
1790606871425236100,SELL,64967.0,2,LIMIT
1790606871475236100,SELL,64965.5,4,LIMIT
1790606871525236100,SELL,64962.5,15,LIMIT
1790606871575236100,SELL,64967.0,14,LIMIT
1790606871625236100,SELL,64972.0,6,LIMIT
1790606871675236100,SELL,64972.5,1,LIMIT
1790606871725236100,SELL,64974.0,7,LIMIT
1790606871775236100,BUY,64971.5,10,LIMIT
1790606871825236100,SELL,64979.5,4,LIMIT
1790606871875236100,SELL,64978.5,9,LIMIT
1790606871925236100,SELL,64977.0,9,LIMIT
1790606871975236100,BUY,64978.5,13,LIMIT
1790606872025236100,BUY,64981.0,7,LIMIT
1790606872075236100,BUY,64980.0,5,LIMIT
1790606872125236100,BUY,64980.0,3,LIMIT
1790606872175236100,BUY,64973.5,4,MARKET
1790606872225236100,SELL,64974.5,9,LIMIT
1790606872275236100,BUY,64966.0,10,MARKET
1790606872325236100,SELL,64964.5,14,LIMIT
1790606872375236100,BUY,64960.5,5,MARKET
1790606872425236100,BUY,64960.5,11,LIMIT
1790606872475236100,SELL,64963.0,3,LIMIT
1790606872525236100,SELL,64959.0,5,LIMIT
1790606872575236100,SELL,64961.5,1,LIMIT
1790606872625236100,SELL,64960.0,14,LIMIT
1790606872675236100,BUY,64945.0,10,LIMIT
1790606872725236100,BUY,64951.5,3,LIMIT
1790606872775236100,SELL,64965.0,6,MARKET
1790606872825236100,SELL,64962.5,12,LIMIT
1790606872875236100,SELL,64964.5,10,LIMIT
1790606872925236100,SELL,64955.5,5,LIMIT
1790606872975236100,SELL,64959.0,13,MARKET
1790606873025236100,BUY,64957.0,10,LIMIT
1790606873075236100,BUY,64963.0,4,LIMIT
1790606873125236100,BUY,64961.5,10,LIMIT
1790606873175236100,SELL,64974.5,10,LIMIT
1790606873225236100,BUY,64966.5,8,LIMIT
1790606873275236100,BUY,64961.0,11,LIMIT
1790606873325236100,SELL,64967.5,4,LIMIT
1790606873375236100,BUY,64964.5,13,MARKET
1790606873425236100,BUY,64958.5,10,LIMIT
1790606873475236100,BUY,64955.5,5,LIMIT
1790606873525236100,BUY,64955.5,15,LIMIT
1790606873575236100,SELL,64967.0,4,LIMIT
1790606873625236100,SELL,64967.5,15,LIMIT
1790606873675236100,SELL,64967.0,3,LIMIT
1790606873725236100,BUY,64965.5,11,LIMIT
1790606873775236100,BUY,64969.5,12,LIMIT
1790606873825236100,BUY,64970.5,11,LIMIT
1790606873875236100,SELL,64975.5,7,LIMIT
1790606873925236100,BUY,64970.0,4,LIMIT
1790606873975236100,BUY,64966.0,11,LIMIT
1790606874025236100,SELL,64975.0,8,LIMIT
1790606874075236100,SELL,64969.0,1,LIMIT
1790606874125236100,SELL,64970.0,10,LIMIT
1790606874175236100,BUY,64961.0,11,LIMIT
1790606874225236100,BUY,64962.5,2,LIMIT
1790606874275236100,BUY,64969.5,5,LIMIT
1790606874325236100,SELL,64974.5,8,LIMIT
1790606874375236100,SELL,64973.0,1,LIMIT
1790606874425236100,SELL,64971.5,12,LIMIT
1790606874475236100,BUY,64962.5,15,LIMIT
1790606874525236100,SELL,64968.0,3,LIMIT
1790606874575236100,SELL,64977.0,9,LIMIT
1790606874625236100,BUY,64964.0,8,LIMIT
1790606874675236100,BUY,64960.5,1,MARKET
1790606874725236100,BUY,64955.0,3,LIMIT
1790606874775236100,SELL,64962.5,9,LIMIT
1790606874825236100,SELL,64958.0,14,LIMIT
1790606874875236100,BUY,64945.0,2,LIMIT
1790606874925236100,SELL,64948.0,3,LIMIT
1790606874975236100,BUY,64947.0,13,LIMIT
1790606875025236100,SELL,64954.0,7,LIMIT
1790606875075236100,BUY,64955.5,15,LIMIT
1790606875125236100,SELL,64953.0,3,LIMIT
1790606875175236100,BUY,64947.5,11,LIMIT
1790606875225236100,BUY,64953.5,13,LIMIT
1790606875275236100,BUY,64945.5,9,MARKET
1790606875325236100,SELL,64953.0,4,LIMIT
1790606875375236100,BUY,64947.5,3,LIMIT
1790606875425236100,BUY,64943.5,14,LIMIT
1790606875475236100,SELL,64957.5,11,LIMIT
1790606875525236100,SELL,64955.0,1,LIMIT
1790606875575236100,SELL,64953.0,9,LIMIT
1790606875625236100,BUY,64940.0,10,LIMIT
1790606875675236100,SELL,64950.5,9,LIMIT
1790606875725236100,SELL,64949.5,10,LIMIT
1790606875775236100,BUY,64947.5,4,MARKET
1790606875825236100,SELL,64959.0,10,LIMIT
1790606875875236100,BUY,64952.5,14,LIMIT
1790606875925236100,BUY,64950.0,10,LIMIT
1790606875975236100,SELL,64951.0,8,MARKET
1790606876025236100,SELL,64948.0,12,LIMIT
1790606876075236100,BUY,64942.5,3,LIMIT
1790606876125236100,SELL,64941.5,6,LIMIT
1790606876175236100,SELL,64940.5,7,LIMIT
1790606876225236100,SELL,64947.5,3,LIMIT
1790606876275236100,SELL,64941.0,3,LIMIT
1790606876325236100,BUY,64937.0,15,LIMIT
1790606876375236100,SELL,64941.0,3,LIMIT
1790606876425236100,SELL,64943.0,9,LIMIT
1790606876475236100,SELL,64940.5,2,LIMIT
1790606876525236100,SELL,64945.5,3,LIMIT
1790606876575236100,SELL,64944.0,9,MARKET
1790606876625236100,BUY,64940.5,13,LIMIT
1790606876675236100,BUY,64940.0,7,LIMIT
1790606876725236100,BUY,64938.5,5,LIMIT
1790606876775236100,SELL,64945.5,4,LIMIT
1790606876825236100,SELL,64946.0,3,LIMIT
1790606876875236100,BUY,64938.0,14,LIMIT
1790606876925236100,SELL,64945.0,10,MARKET
1790606876975236100,BUY,64941.0,8,LIMIT
1790606877025236100,SELL,64940.5,5,LIMIT
1790606877075236100,SELL,64943.5,14,MARKET
1790606877125236100,BUY,64935.5,4,LIMIT
1790606877175236100,BUY,64933.5,10,MARKET
1790606877225236100,BUY,64939.0,12,MARKET
1790606877275236100,BUY,64941.5,13,LIMIT
1790606877325236100,SELL,64950.0,3,LIMIT
1790606877375236100,SELL,64947.5,2,LIMIT
1790606877425236100,SELL,64941.5,12,LIMIT
1790606877475236100,SELL,64943.5,1,LIMIT
1790606877525236100,SELL,64945.0,5,LIMIT
1790606877575236100,SELL,64945.5,5,LIMIT
1790606877625236100,SELL,64952.0,10,LIMIT
1790606877675236100,SELL,64948.0,15,LIMIT
1790606877725236100,BUY,64941.0,1,LIMIT
1790606877775236100,BUY,64942.0,10,MARKET
1790606877825236100,BUY,64935.5,4,LIMIT
1790606877875236100,SELL,64938.0,8,LIMIT
1790606877925236100,BUY,64935.5,8,LIMIT
1790606877975236100,SELL,64937.0,10,LIMIT
1790606878025236100,BUY,64930.0,9,LIMIT
1790606878075236100,BUY,64931.0,10,MARKET
1790606878125236100,SELL,64931.0,1,LIMIT
1790606878175236100,BUY,64920.0,2,LIMIT
1790606878225236100,SELL,64925.0,5,LIMIT
1790606878275236100,SELL,64930.5,1,MARKET
1790606878325236100,SELL,64930.0,2,LIMIT
1790606878375236100,SELL,64923.5,3,LIMIT
1790606878425236100,BUY,64913.0,6,LIMIT
1790606878475236100,SELL,64922.0,2,LIMIT
1790606878525236100,BUY,64922.0,3,LIMIT
1790606878575236100,SELL,64928.0,3,MARKET
1790606878625236100,SELL,64924.5,7,LIMIT
1790606878675236100,BUY,64923.0,15,LIMIT
1790606878725236100,BUY,64924.5,7,LIMIT
1790606878775236100,BUY,64926.0,12,LIMIT
1790606878825236100,SELL,64928.5,2,LIMIT
1790606878875236100,BUY,64921.0,14,LIMIT
1790606878925236100,BUY,64917.5,8,LIMIT
1790606878975236100,SELL,64932.5,4,LIMIT
1790606879025236100,BUY,64925.0,5,LIMIT
1790606879075236100,BUY,64932.0,12,MARKET
1790606879125236100,SELL,64930.5,1,LIMIT
1790606879175236100,BUY,64918.0,7,LIMIT
1790606879225236100,BUY,64916.5,3,LIMIT
1790606879275236100,SELL,64920.0,15,MARKET
1790606879325236100,BUY,64922.0,6,LIMIT
1790606879375236100,SELL,64927.5,3,LIMIT
1790606879425236100,SELL,64934.0,4,LIMIT
1790606879475236100,SELL,64929.0,10,LIMIT
1790606879525236100,BUY,64928.5,4,LIMIT
1790606879575236100,SELL,64936.5,10,LIMIT
1790606879625236100,BUY,64934.5,12,LIMIT
1790606879675236100,BUY,64931.0,15,MARKET
1790606879725236100,SELL,64941.5,7,MARKET
1790606879775236100,BUY,64930.5,4,MARKET
1790606879825236100,BUY,64930.5,4,LIMIT
1790606879875236100,SELL,64931.0,15,LIMIT
1790606879925236100,BUY,64924.0,7,LIMIT
1790606879975236100,SELL,64927.0,7,LIMIT
1790606880025236100,BUY,64918.0,7,LIMIT
1790606880075236100,SELL,64915.5,11,LIMIT
1790606880125236100,SELL,64914.5,12,LIMIT
1790606880175236100,SELL,64910.0,13,LIMIT
1790606880225236100,BUY,64902.5,3,LIMIT
1790606880275236100,SELL,64911.5,11,LIMIT
1790606880325236100,SELL,64915.5,13,LIMIT
1790606880375236100,SELL,64912.5,15,LIMIT
1790606880425236100,BUY,64908.0,7,LIMIT
1790606880475236100,BUY,64907.0,12,LIMIT
1790606880525236100,SELL,64909.0,12,LIMIT
1790606880575236100,BUY,64905.0,4,LIMIT
1790606880625236100,SELL,64909.0,11,LIMIT
1790606880675236100,BUY,64905.5,2,LIMIT
1790606880725236100,BUY,64902.0,1,LIMIT
1790606880775236100,BUY,64895.0,12,LIMIT
1790606880825236100,BUY,64898.0,15,LIMIT
1790606880875236100,SELL,64904.0,3,LIMIT
1790606880925236100,BUY,64894.5,2,LIMIT
1790606880975236100,BUY,64900.0,10,LIMIT
1790606881025236100,SELL,64909.0,3,LIMIT
1790606881075236100,SELL,64907.0,15,LIMIT
1790606881125236100,SELL,64903.0,2,LIMIT
1790606881175236100,BUY,64894.5,8,MARKET
1790606881225236100,SELL,64904.0,7,MARKET
1790606881275236100,BUY,64892.5,8,LIMIT
1790606881325236100,BUY,64894.0,15,LIMIT
1790606881375236100,SELL,64895.5,7,LIMIT
1790606881425236100,BUY,64886.0,11,MARKET
1790606881475236100,SELL,64890.5,2,LIMIT
1790606881525236100,BUY,64884.5,3,LIMIT
1790606881575236100,SELL,64890.0,4,LIMIT
1790606881625236100,SELL,64889.0,8,LIMIT
1790606881675236100,BUY,64879.0,2,LIMIT
1790606881725236100,BUY,64881.5,14,MARKET
1790606881775236100,BUY,64876.0,13,LIMIT
1790606881825236100,BUY,64881.0,7,LIMIT
1790606881875236100,SELL,64891.0,13,LIMIT
1790606881925236100,SELL,64894.0,11,LIMIT
1790606881975236100,BUY,64894.0,11,LIMIT
1790606882025236100,BUY,64893.5,8,LIMIT
1790606882075236100,SELL,64898.5,2,LIMIT
1790606882125236100,SELL,64901.0,14,LIMIT
1790606882175236100,BUY,64896.5,14,LIMIT
1790606882225236100,BUY,64899.5,11,LIMIT
1790606882275236100,BUY,64901.5,6,LIMIT
1790606882325236100,BUY,64903.0,5,LIMIT
1790606882375236100,SELL,64903.0,8,LIMIT
1790606882425236100,BUY,64899.0,10,LIMIT
1790606882475236100,BUY,64900.0,12,LIMIT
1790606882525236100,BUY,64899.0,15,LIMIT
1790606882575236100,SELL,64904.5,4,LIMIT
1790606882625236100,SELL,64897.5,2,MARKET
1790606882675236100,BUY,64889.0,9,LIMIT
1790606882725236100,BUY,64884.5,13,LIMIT
1790606882775236100,BUY,64881.5,8,LIMIT
1790606882825236100,SELL,64885.0,10,LIMIT
1790606882875236100,BUY,64877.0,11,LIMIT
1790606882925236100,SELL,64885.0,7,LIMIT
1790606882975236100,SELL,64879.5,15,MARKET
1790606883025236100,BUY,64879.0,15,LIMIT
1790606883075236100,SELL,64882.5,5,LIMIT
1790606883125236100,BUY,64878.5,11,MARKET
1790606883175236100,SELL,64881.5,12,LIMIT
1790606883225236100,SELL,64890.0,12,LIMIT
1790606883275236100,BUY,64882.0,12,LIMIT
1790606883325236100,BUY,64888.5,6,LIMIT
1790606883375236100,SELL,64894.0,7,LIMIT
1790606883425236100,BUY,64885.0,2,LIMIT
1790606883475236100,BUY,64878.0,13,MARKET
1790606883525236100,BUY,64877.5,12,LIMIT
1790606883575236100,BUY,64879.0,9,LIMIT
1790606883625236100,SELL,64890.0,1,LIMIT
1790606883675236100,SELL,64888.0,4,MARKET
1790606883725236100,SELL,64891.0,5,LIMIT
1790606883775236100,SELL,64890.5,14,LIMIT
1790606883825236100,BUY,64889.5,11,LIMIT
1790606883875236100,SELL,64890.0,12,LIMIT
1790606883925236100,BUY,64883.0,13,LIMIT
1790606883975236100,SELL,64885.0,7,LIMIT
1790606884025236100,BUY,64882.0,9,LIMIT
1790606884075236100,BUY,64873.0,3,LIMIT
1790606884125236100,BUY,64877.5,7,LIMIT
1790606884175236100,BUY,64875.0,2,LIMIT
1790606884225236100,BUY,64875.0,3,LIMIT
1790606884275236100,SELL,64878.5,7,LIMIT
1790606884325236100,SELL,64876.0,7,MARKET
1790606884375236100,SELL,64883.5,3,LIMIT
1790606884425236100,BUY,64878.5,7,LIMIT
1790606884475236100,SELL,64884.0,1,LIMIT
1790606884525236100,BUY,64884.0,15,MARKET
1790606884575236100,SELL,64885.5,8,LIMIT
1790606884625236100,SELL,64894.5,14,LIMIT
1790606884675236100,SELL,64897.0,9,LIMIT
1790606884725236100,SELL,64902.0,11,LIMIT
1790606884775236100,BUY,64888.5,9,LIMIT
1790606884825236100,BUY,64888.5,10,LIMIT
1790606884875236100,SELL,64888.5,8,LIMIT
1790606884925236100,BUY,64883.5,8,LIMIT
1790606884975236100,SELL,64887.5,8,LIMIT
1790606885025236100,BUY,64884.5,6,LIMIT
1790606885075236100,SELL,64884.5,2,LIMIT
1790606885125236100,BUY,64877.0,1,LIMIT
1790606885175236100,BUY,64882.0,12,LIMIT
1790606885225236100,SELL,64878.0,6,LIMIT
1790606885275236100,BUY,64870.5,9,LIMIT
1790606885325236100,BUY,64876.0,12,MARKET
1790606885375236100,SELL,64881.0,14,LIMIT
1790606885425236100,SELL,64886.5,11,LIMIT
1790606885475236100,SELL,64883.0,7,LIMIT
1790606885525236100,BUY,64873.5,7,LIMIT
1790606885575236100,BUY,64871.0,1,LIMIT
1790606885625236100,SELL,64882.5,9,LIMIT
1790606885675236100,BUY,64870.5,3,LIMIT
1790606885725236100,BUY,64872.5,8,MARKET
1790606885775236100,BUY,64867.5,1,LIMIT
1790606885825236100,SELL,64865.5,5,LIMIT
1790606885875236100,BUY,64865.0,9,LIMIT
1790606885925236100,BUY,64862.0,8,LIMIT
1790606885975236100,BUY,64857.5,8,LIMIT
1790606886025236100,BUY,64866.5,10,LIMIT
1790606886075236100,BUY,64868.0,1,MARKET
1790606886125236100,SELL,64872.5,15,LIMIT
1790606886175236100,BUY,64864.0,12,LIMIT
1790606886225236100,BUY,64869.5,2,LIMIT
1790606886275236100,SELL,64867.0,2,LIMIT
1790606886325236100,SELL,64870.0,13,LIMIT
1790606886375236100,BUY,64864.0,15,LIMIT
1790606886425236100,BUY,64867.0,12,LIMIT
1790606886475236100,SELL,64872.0,11,LIMIT
1790606886525236100,SELL,64871.5,10,LIMIT
1790606886575236100,BUY,64863.5,5,LIMIT
1790606886625236100,BUY,64864.0,1,LIMIT
1790606886675236100,SELL,64870.5,2,LIMIT
1790606886725236100,BUY,64866.0,2,LIMIT
1790606886775236100,BUY,64860.5,9,LIMIT
1790606886825236100,BUY,64857.5,8,LIMIT
1790606886875236100,SELL,64862.5,9,LIMIT
1790606886925236100,SELL,64859.5,13,LIMIT
1790606886975236100,BUY,64859.0,9,LIMIT
1790606887025236100,SELL,64864.0,4,LIMIT
1790606887075236100,BUY,64860.5,4,LIMIT
1790606887125236100,SELL,64874.0,1,LIMIT
1790606887175236100,BUY,64874.5,7,LIMIT
1790606887225236100,SELL,64878.0,9,LIMIT
1790606887275236100,SELL,64877.5,6,LIMIT
1790606887325236100,BUY,64865.0,8,LIMIT
1790606887375236100,BUY,64871.0,4,LIMIT
1790606887425236100,BUY,64871.0,3,LIMIT
1790606887475236100,BUY,64876.0,13,LIMIT
1790606887525236100,BUY,64874.0,2,LIMIT
1790606887575236100,BUY,64873.0,6,LIMIT
1790606887625236100,SELL,64873.5,4,LIMIT
1790606887675236100,BUY,64872.5,13,LIMIT
1790606887725236100,SELL,64879.0,5,LIMIT
1790606887775236100,BUY,64870.0,11,LIMIT
1790606887825236100,BUY,64875.5,8,LIMIT
1790606887875236100,BUY,64877.5,4,LIMIT
1790606887925236100,SELL,64884.0,5,LIMIT
1790606887975236100,BUY,64877.5,4,LIMIT
1790606888025236100,BUY,64881.5,3,LIMIT
1790606888075236100,SELL,64883.5,13,LIMIT
1790606888125236100,BUY,64881.5,4,LIMIT
1790606888175236100,SELL,64885.0,4,LIMIT
1790606888225236100,BUY,64876.5,11,LIMIT
1790606888275236100,SELL,64882.0,1,LIMIT
1790606888325236100,SELL,64882.5,15,LIMIT
1790606888375236100,BUY,64871.0,10,LIMIT
1790606888425236100,SELL,64879.5,9,MARKET
1790606888475236100,SELL,64877.0,5,MARKET
1790606888525236100,SELL,64873.5,7,LIMIT
1790606888575236100,BUY,64870.0,12,LIMIT
1790606888625236100,SELL,64875.0,4,LIMIT
1790606888675236100,SELL,64869.0,1,LIMIT
1790606888725236100,SELL,64873.0,15,LIMIT
1790606888775236100,SELL,64868.0,12,LIMIT
1790606888825236100,BUY,64862.5,15,LIMIT
1790606888875236100,BUY,64862.0,10,LIMIT
1790606888925236100,BUY,64866.0,10,LIMIT
1790606888975236100,BUY,64862.5,11,LIMIT
1790606889025236100,SELL,64867.0,1,MARKET
1790606889075236100,BUY,64864.5,11,MARKET
1790606889125236100,BUY,64856.0,7,LIMIT
1790606889175236100,SELL,64859.5,8,LIMIT
1790606889225236100,BUY,64859.5,6,MARKET
1790606889275236100,BUY,64850.0,15,LIMIT
1790606889325236100,BUY,64852.5,8,MARKET
1790606889375236100,SELL,64861.5,8,LIMIT
1790606889425236100,BUY,64859.5,11,LIMIT
1790606889475236100,BUY,64863.5,6,LIMIT
1790606889525236100,SELL,64871.5,11,LIMIT
1790606889575236100,SELL,64874.5,14,LIMIT
1790606889625236100,SELL,64880.0,5,LIMIT
1790606889675236100,SELL,64884.5,9,LIMIT
1790606889725236100,SELL,64882.0,10,LIMIT
1790606889775236100,BUY,64869.0,4,MARKET
1790606889825236100,SELL,64880.0,15,LIMIT
1790606889875236100,SELL,64882.5,5,LIMIT
1790606889925236100,SELL,64886.0,11,LIMIT
1790606889975236100,SELL,64887.5,14,LIMIT
1790606890025236100,SELL,64884.0,5,LIMIT
1790606890075236100,SELL,64891.5,6,LIMIT
1790606890125236100,SELL,64885.0,15,LIMIT
1790606890175236100,SELL,64885.0,4,MARKET
1790606890225236100,BUY,64875.0,5,LIMIT
1790606890275236100,BUY,64872.5,15,MARKET
1790606890325236100,SELL,64883.5,13,LIMIT
1790606890375236100,BUY,64874.0,12,LIMIT
1790606890425236100,BUY,64874.5,6,MARKET
1790606890475236100,BUY,64870.0,5,LIMIT
1790606890525236100,BUY,64874.0,4,MARKET
1790606890575236100,BUY,64867.5,4,LIMIT
1790606890625236100,SELL,64877.0,9,MARKET
1790606890675236100,BUY,64868.5,15,LIMIT
1790606890725236100,BUY,64864.0,5,LIMIT
1790606890775236100,BUY,64870.0,1,LIMIT
1790606890825236100,SELL,64874.0,3,LIMIT
1790606890875236100,SELL,64871.0,5,LIMIT
1790606890925236100,BUY,64873.5,14,LIMIT
1790606890975236100,BUY,64876.5,3,LIMIT
1790606891025236100,BUY,64872.5,9,LIMIT
1790606891075236100,BUY,64868.0,8,LIMIT
1790606891125236100,BUY,64860.5,3,LIMIT
1790606891175236100,BUY,64861.0,2,MARKET
1790606891225236100,SELL,64865.0,3,LIMIT
1790606891275236100,BUY,64863.0,9,LIMIT
1790606891325236100,SELL,64871.5,11,LIMIT
1790606891375236100,BUY,64873.0,8,LIMIT
1790606891425236100,BUY,64875.0,8,LIMIT
1790606891475236100,BUY,64873.0,1,LIMIT
1790606891525236100,SELL,64878.0,8,LIMIT
1790606891575236100,BUY,64870.5,1,LIMIT
1790606891625236100,BUY,64876.0,3,LIMIT
1790606891675236100,SELL,64879.0,5,LIMIT
1790606891725236100,BUY,64878.0,13,LIMIT
1790606891775236100,BUY,64876.5,10,LIMIT
1790606891825236100,BUY,64875.5,15,LIMIT
1790606891875236100,SELL,64877.5,14,LIMIT
1790606891925236100,SELL,64875.0,1,LIMIT
1790606891975236100,BUY,64869.0,15,LIMIT
1790606892025236100,BUY,64867.5,10,LIMIT
1790606892075236100,BUY,64873.0,15,LIMIT
1790606892125236100,SELL,64873.5,1,LIMIT
1790606892175236100,BUY,64862.5,10,LIMIT
1790606892225236100,SELL,64874.0,15,MARKET
1790606892275236100,BUY,64871.0,2,LIMIT
1790606892325236100,BUY,64865.5,8,MARKET
1790606892375236100,SELL,64870.5,15,MARKET
1790606892425236100,BUY,64870.5,2,LIMIT
1790606892475236100,BUY,64872.5,13,MARKET
1790606892525236100,BUY,64870.0,10,LIMIT
1790606892575236100,BUY,64873.0,10,LIMIT
1790606892625236100,SELL,64883.5,4,LIMIT
1790606892675236100,BUY,64878.0,2,MARKET
1790606892725236100,SELL,64879.5,9,LIMIT
1790606892775236100,BUY,64873.5,5,LIMIT
1790606892825236100,BUY,64878.0,3,LIMIT
1790606892875236100,BUY,64881.5,4,LIMIT
1790606892925236100,SELL,64886.5,7,LIMIT
1790606892975236100,BUY,64886.5,11,MARKET
1790606893025236100,BUY,64882.0,3,LIMIT
1790606893075236100,SELL,64890.0,13,MARKET
1790606893125236100,BUY,64887.0,13,MARKET
1790606893175236100,SELL,64895.0,2,LIMIT
1790606893225236100,SELL,64899.0,15,LIMIT
1790606893275236100,SELL,64896.5,9,MARKET
1790606893325236100,SELL,64892.5,5,LIMIT
1790606893375236100,BUY,64882.0,8,LIMIT
1790606893425236100,SELL,64894.5,7,MARKET
1790606893475236100,BUY,64883.0,3,LIMIT
1790606893525236100,BUY,64875.5,12,LIMIT
1790606893575236100,BUY,64876.0,11,MARKET
1790606893625236100,BUY,64882.0,14,LIMIT
1790606893675236100,BUY,64880.0,7,LIMIT
1790606893725236100,SELL,64882.5,12,LIMIT
1790606893775236100,BUY,64881.5,4,LIMIT
1790606893825236100,BUY,64882.5,6,LIMIT
1790606893875236100,BUY,64884.0,12,LIMIT
1790606893925236100,BUY,64892.0,3,MARKET
1790606893975236100,SELL,64896.0,6,LIMIT
1790606894025236100,BUY,64893.0,1,LIMIT
1790606894075236100,SELL,64895.0,10,LIMIT
1790606894125236100,SELL,64900.5,10,MARKET
1790606894175236100,BUY,64899.0,10,LIMIT
1790606894225236100,SELL,64902.5,15,LIMIT
1790606894275236100,BUY,64891.0,13,LIMIT
1790606894325236100,BUY,64888.5,9,LIMIT
1790606894375236100,BUY,64887.5,3,LIMIT
1790606894425236100,SELL,64895.0,9,LIMIT
1790606894475236100,SELL,64900.0,8,MARKET
1790606894525236100,SELL,64904.0,2,LIMIT
1790606894575236100,SELL,64900.0,4,LIMIT
1790606894625236100,SELL,64903.5,15,LIMIT
1790606894675236100,BUY,64901.0,6,LIMIT
1790606894725236100,SELL,64908.0,13,LIMIT
1790606894775236100,BUY,64897.5,6,LIMIT
1790606894825236100,BUY,64897.5,14,LIMIT
1790606894875236100,BUY,64899.5,1,LIMIT
1790606894925236100,SELL,64909.5,9,LIMIT
1790606894975236100,SELL,64905.5,3,LIMIT
1790606895025236100,BUY,64897.0,12,LIMIT
1790606895075236100,SELL,64899.5,15,LIMIT
1790606895125236100,BUY,64892.5,15,LIMIT
1790606895175236100,BUY,64898.5,2,LIMIT
1790606895225236100,SELL,64902.5,10,LIMIT
1790606895275236100,SELL,64900.0,10,LIMIT
1790606895325236100,SELL,64902.5,13,LIMIT
1790606895375236100,BUY,64902.0,6,LIMIT
1790606895425236100,SELL,64903.0,5,MARKET
1790606895475236100,BUY,64900.0,13,LIMIT
1790606895525236100,SELL,64907.5,8,LIMIT
1790606895575236100,BUY,64896.5,8,LIMIT
1790606895625236100,SELL,64899.5,14,LIMIT
1790606895675236100,BUY,64895.0,13,LIMIT
1790606895725236100,BUY,64899.0,10,LIMIT
1790606895775236100,BUY,64891.0,7,LIMIT
1790606895825236100,BUY,64890.5,14,LIMIT
1790606895875236100,SELL,64898.0,5,LIMIT
1790606895925236100,BUY,64888.0,3,LIMIT
1790606895975236100,BUY,64894.5,5,LIMIT
1790606896025236100,SELL,64893.0,7,LIMIT
1790606896075236100,SELL,64900.0,8,LIMIT
1790606896125236100,SELL,64901.0,9,LIMIT
1790606896175236100,BUY,64897.0,14,LIMIT
1790606896225236100,SELL,64893.0,6,LIMIT
1790606896275236100,SELL,64892.5,6,LIMIT
1790606896325236100,SELL,64894.5,9,LIMIT
1790606896375236100,SELL,64894.5,6,MARKET
1790606896425236100,BUY,64886.0,3,LIMIT
1790606896475236100,BUY,64886.0,3,LIMIT
1790606896525236100,SELL,64896.0,11,LIMIT
1790606896575236100,BUY,64890.0,12,LIMIT
1790606896625236100,BUY,64886.0,13,LIMIT
1790606896675236100,BUY,64882.5,5,LIMIT
1790606896725236100,BUY,64877.5,1,MARKET
1790606896775236100,SELL,64879.0,1,LIMIT
1790606896825236100,BUY,64876.0,1,MARKET
1790606896875236100,SELL,64876.0,15,LIMIT
1790606896925236100,BUY,64875.0,7,MARKET
1790606896975236100,SELL,64882.5,5,MARKET
1790606897025236100,BUY,64870.5,14,LIMIT
1790606897075236100,SELL,64876.5,9,LIMIT
1790606897125236100,SELL,64876.5,8,LIMIT
1790606897175236100,BUY,64876.0,1,MARKET
1790606897225236100,SELL,64886.0,1,LIMIT
1790606897275236100,SELL,64884.5,12,LIMIT
1790606897325236100,BUY,64881.5,13,LIMIT
1790606897375236100,SELL,64880.5,7,LIMIT
1790606897425236100,BUY,64876.5,14,LIMIT
1790606897475236100,SELL,64887.5,6,LIMIT
1790606897525236100,SELL,64885.0,15,LIMIT
1790606897575236100,SELL,64878.5,3,LIMIT
1790606897625236100,BUY,64875.0,10,MARKET
1790606897675236100,SELL,64883.0,10,MARKET
1790606897725236100,SELL,64878.0,14,LIMIT
1790606897775236100,BUY,64872.0,3,LIMIT
1790606897825236100,SELL,64881.5,4,LIMIT
1790606897875236100,BUY,64876.0,6,MARKET
1790606897925236100,BUY,64875.0,1,LIMIT
1790606897975236100,SELL,64887.5,5,LIMIT
1790606898025236100,BUY,64879.5,14,MARKET
1790606898075236100,BUY,64880.5,8,LIMIT
1790606898125236100,SELL,64879.5,7,MARKET
1790606898175236100,SELL,64881.0,2,LIMIT
1790606898225236100,BUY,64876.5,4,LIMIT
1790606898275236100,BUY,64879.5,13,LIMIT
1790606898325236100,SELL,64882.0,15,LIMIT
1790606898375236100,BUY,64874.5,6,LIMIT
1790606898425236100,BUY,64865.5,13,LIMIT
1790606898475236100,SELL,64878.5,1,LIMIT
1790606898525236100,BUY,64875.5,12,LIMIT
1790606898575236100,BUY,64875.5,7,LIMIT
1790606898625236100,BUY,64878.5,1,LIMIT
1790606898675236100,SELL,64888.0,15,LIMIT
1790606898725236100,SELL,64888.5,4,LIMIT
1790606898775236100,SELL,64885.5,13,LIMIT
1790606898825236100,BUY,64883.5,7,LIMIT
1790606898875236100,SELL,64888.0,1,LIMIT
1790606898925236100,SELL,64889.5,7,LIMIT
1790606898975236100,BUY,64884.5,7,MARKET
1790606899025236100,SELL,64893.5,10,LIMIT
1790606899075236100,BUY,64888.5,15,MARKET
1790606899125236100,SELL,64897.5,5,LIMIT
1790606899175236100,SELL,64901.0,14,LIMIT
1790606899225236100,SELL,64905.5,5,MARKET
1790606899275236100,SELL,64904.0,8,LIMIT
1790606899325236100,BUY,64898.5,12,LIMIT
1790606899375236100,SELL,64902.5,10,LIMIT
1790606899425236100,BUY,64897.5,2,LIMIT
1790606899475236100,SELL,64908.5,12,LIMIT
1790606899525236100,BUY,64904.0,10,LIMIT
1790606899575236100,SELL,64913.0,15,LIMIT
1790606899625236100,BUY,64908.0,4,MARKET
1790606899675236100,BUY,64902.5,8,LIMIT
1790606899725236100,SELL,64911.5,7,LIMIT
1790606899775236100,SELL,64915.5,5,LIMIT
1790606899825236100,SELL,64912.5,6,LIMIT
1790606899875236100,BUY,64908.5,6,LIMIT
1790606899925236100,SELL,64919.5,14,LIMIT
1790606899975236100,BUY,64912.0,1,MARKET
1790606900025236100,SELL,64920.5,2,MARKET
1790606900075236100,BUY,64911.5,12,LIMIT
1790606900125236100,SELL,64925.0,8,LIMIT
1790606900175236100,BUY,64915.0,12,LIMIT
1790606900225236100,SELL,64925.5,1,LIMIT
1790606900275236100,BUY,64915.5,12,LIMIT
1790606900325236100,BUY,64919.5,10,LIMIT
1790606900375236100,SELL,64926.5,7,LIMIT
1790606900425236100,SELL,64918.5,3,LIMIT
1790606900475236100,SELL,64917.5,11,MARKET
1790606900525236100,BUY,64909.5,2,LIMIT
1790606900575236100,SELL,64919.5,5,LIMIT
1790606900625236100,SELL,64919.5,13,LIMIT
1790606900675236100,BUY,64915.5,6,LIMIT
1790606900725236100,SELL,64916.0,11,LIMIT
1790606900775236100,BUY,64911.5,1,LIMIT
1790606900825236100,BUY,64908.0,9,LIMIT
1790606900875236100,SELL,64909.5,2,LIMIT
1790606900925236100,SELL,64909.5,4,LIMIT
1790606900975236100,SELL,64904.0,4,LIMIT
1790606901025236100,BUY,64898.0,8,LIMIT
1790606901075236100,BUY,64895.5,15,LIMIT
1790606901125236100,BUY,64903.0,14,LIMIT
1790606901175236100,BUY,64897.5,12,LIMIT
1790606901225236100,SELL,64902.5,14,MARKET
1790606901275236100,BUY,64894.0,9,LIMIT
1790606901325236100,BUY,64887.5,1,LIMIT
1790606901375236100,BUY,64890.5,10,LIMIT
1790606901425236100,BUY,64894.0,6,LIMIT
1790606901475236100,BUY,64899.0,3,LIMIT
1790606901525236100,SELL,64906.5,8,LIMIT
1790606901575236100,BUY,64903.5,7,LIMIT
1790606901625236100,SELL,64913.5,15,LIMIT
1790606901675236100,SELL,64917.0,12,LIMIT
1790606901725236100,BUY,64909.5,6,LIMIT
1790606901775236100,BUY,64906.5,14,LIMIT
1790606901825236100,BUY,64907.5,9,LIMIT
1790606901875236100,SELL,64911.5,1,MARKET
1790606901925236100,SELL,64917.5,12,LIMIT
1790606901975236100,SELL,64916.0,8,LIMIT
1790606902025236100,SELL,64921.0,13,LIMIT
1790606902075236100,SELL,64921.5,12,LIMIT
1790606902125236100,SELL,64922.5,13,LIMIT
1790606902175236100,BUY,64917.5,8,LIMIT
1790606902225236100,BUY,64917.0,2,LIMIT
1790606902275236100,SELL,64915.0,4,LIMIT
1790606902325236100,BUY,64905.0,7,LIMIT
1790606902375236100,SELL,64903.5,6,LIMIT
1790606902425236100,SELL,64907.5,11,LIMIT
1790606902475236100,SELL,64905.5,15,LIMIT
1790606902525236100,BUY,64895.0,15,MARKET
1790606902575236100,SELL,64902.0,11,LIMIT
1790606902625236100,BUY,64890.0,6,LIMIT
1790606902675236100,BUY,64893.0,1,LIMIT
1790606902725236100,BUY,64895.0,2,LIMIT
1790606902775236100,BUY,64895.0,2,LIMIT
1790606902825236100,SELL,64900.0,4,LIMIT
1790606902875236100,SELL,64903.5,12,LIMIT
1790606902925236100,BUY,64902.0,14,MARKET
1790606902975236100,BUY,64906.0,11,MARKET
1790606903025236100,SELL,64908.5,9,MARKET
1790606903075236100,SELL,64908.0,1,LIMIT
1790606903125236100,SELL,64901.0,13,LIMIT
1790606903175236100,BUY,64897.0,1,LIMIT
1790606903225236100,BUY,64891.5,2,LIMIT
1790606903275236100,BUY,64885.0,5,LIMIT
1790606903325236100,BUY,64881.5,15,LIMIT
1790606903375236100,SELL,64885.5,4,LIMIT
1790606903425236100,BUY,64884.5,13,MARKET
1790606903475236100,BUY,64889.5,6,LIMIT
1790606903525236100,BUY,64892.0,8,LIMIT
1790606903575236100,SELL,64892.5,9,LIMIT
1790606903625236100,SELL,64897.0,8,LIMIT
1790606903675236100,BUY,64895.5,5,MARKET
1790606903725236100,SELL,64901.5,3,LIMIT
1790606903775236100,SELL,64900.0,9,LIMIT
1790606903825236100,BUY,64896.0,2,LIMIT
1790606903875236100,BUY,64900.0,14,LIMIT
1790606903925236100,BUY,64899.0,2,MARKET
1790606903975236100,SELL,64898.0,4,LIMIT
1790606904025236100,BUY,64895.5,1,LIMIT
1790606904075236100,SELL,64895.5,14,LIMIT
1790606904125236100,SELL,64902.5,15,LIMIT
1790606904175236100,BUY,64891.0,2,LIMIT
1790606904225236100,BUY,64890.0,1,LIMIT
1790606904275236100,BUY,64887.5,12,LIMIT
1790606904325236100,BUY,64892.5,11,LIMIT
1790606904375236100,SELL,64900.5,4,LIMIT
1790606904425236100,BUY,64901.0,9,LIMIT
1790606904475236100,BUY,64895.0,9,LIMIT
1790606904525236100,SELL,64898.5,1,LIMIT
1790606904575236100,BUY,64892.0,13,LIMIT
1790606904625236100,SELL,64891.0,4,MARKET
1790606904675236100,SELL,64892.0,15,LIMIT
1790606904725236100,SELL,64892.0,12,LIMIT
1790606904775236100,BUY,64884.5,11,LIMIT
1790606904825236100,SELL,64887.5,4,LIMIT
1790606904875236100,BUY,64874.0,2,MARKET
1790606904925236100,SELL,64883.0,9,LIMIT
1790606904975236100,SELL,64886.0,3,LIMIT
1790606905025236100,BUY,64876.5,11,LIMIT
1790606905075236100,SELL,64877.0,5,LIMIT
1790606905125236100,BUY,64868.5,3,LIMIT
1790606905175236100,SELL,64875.0,12,LIMIT
1790606905225236100,BUY,64874.5,7,LIMIT
1790606905275236100,SELL,64876.0,6,LIMIT
1790606905325236100,BUY,64867.0,4,LIMIT
1790606905375236100,BUY,64863.5,1,LIMIT
1790606905425236100,BUY,64866.5,4,LIMIT
1790606905475236100,BUY,64867.5,15,LIMIT
1790606905525236100,SELL,64872.0,6,LIMIT
1790606905575236100,SELL,64873.0,10,LIMIT
1790606905625236100,SELL,64872.0,3,LIMIT
1790606905675236100,BUY,64858.0,9,LIMIT
1790606905725236100,BUY,64862.5,15,LIMIT
1790606905775236100,SELL,64872.5,14,LIMIT
1790606905825236100,BUY,64871.0,11,LIMIT
1790606905875236100,SELL,64881.0,5,LIMIT
1790606905925236100,SELL,64878.5,5,MARKET
1790606905975236100,SELL,64878.0,15,LIMIT
1790606906025236100,SELL,64879.5,9,MARKET
1790606906075236100,SELL,64873.0,15,LIMIT
1790606906125236100,SELL,64875.5,9,MARKET
1790606906175236100,BUY,64872.5,14,LIMIT
1790606906225236100,BUY,64876.5,7,LIMIT
1790606906275236100,BUY,64875.0,7,LIMIT
1790606906325236100,BUY,64882.0,12,LIMIT
1790606906375236100,SELL,64885.0,15,LIMIT
1790606906425236100,SELL,64878.5,1,LIMIT
1790606906475236100,BUY,64871.5,10,LIMIT
1790606906525236100,SELL,64871.0,4,LIMIT
1790606906575236100,SELL,64874.5,12,LIMIT
1790606906625236100,SELL,64868.5,14,MARKET
1790606906675236100,BUY,64860.5,7,LIMIT
1790606906725236100,SELL,64863.5,10,LIMIT
1790606906775236100,BUY,64862.0,15,MARKET
1790606906825236100,SELL,64861.5,9,LIMIT
1790606906875236100,BUY,64853.5,8,LIMIT
1790606906925236100,SELL,64854.5,14,LIMIT
1790606906975236100,BUY,64846.5,11,LIMIT
1790606907025236100,BUY,64846.0,11,LIMIT
1790606907075236100,SELL,64855.0,5,LIMIT
1790606907125236100,BUY,64852.0,5,LIMIT
1790606907175236100,SELL,64851.5,8,LIMIT
1790606907225236100,BUY,64845.5,7,MARKET
1790606907275236100,BUY,64846.0,11,LIMIT
1790606907325236100,SELL,64851.5,14,MARKET
1790606907375236100,SELL,64852.0,14,LIMIT
1790606907425236100,SELL,64849.5,1,LIMIT
1790606907475236100,BUY,64846.0,14,LIMIT
1790606907525236100,BUY,64841.0,5,LIMIT
1790606907575236100,SELL,64855.0,9,MARKET
1790606907625236100,BUY,64851.0,3,LIMIT
1790606907675236100,BUY,64849.5,11,LIMIT
1790606907725236100,SELL,64856.0,15,LIMIT
1790606907775236100,SELL,64859.5,10,LIMIT
1790606907825236100,BUY,64860.5,10,LIMIT
1790606907875236100,SELL,64870.0,5,LIMIT
1790606907925236100,BUY,64868.5,3,LIMIT
1790606907975236100,SELL,64875.5,1,LIMIT
1790606908025236100,BUY,64869.5,4,LIMIT
1790606908075236100,BUY,64873.5,13,LIMIT
1790606908125236100,SELL,64886.5,1,LIMIT
1790606908175236100,BUY,64878.5,14,LIMIT
1790606908225236100,BUY,64881.0,6,LIMIT
1790606908275236100,BUY,64875.0,13,MARKET
1790606908325236100,BUY,64880.5,12,MARKET
1790606908375236100,BUY,64884.5,14,LIMIT
1790606908425236100,SELL,64888.5,1,LIMIT
1790606908475236100,SELL,64889.0,10,LIMIT
1790606908525236100,SELL,64892.0,12,LIMIT
1790606908575236100,SELL,64887.0,6,LIMIT
1790606908625236100,BUY,64881.5,9,LIMIT
1790606908675236100,SELL,64891.0,1,MARKET
1790606908725236100,BUY,64877.5,4,LIMIT
1790606908775236100,BUY,64882.0,4,LIMIT
1790606908825236100,SELL,64883.5,10,LIMIT
1790606908875236100,BUY,64874.0,12,LIMIT
1790606908925236100,SELL,64875.5,15,LIMIT
1790606908975236100,SELL,64869.0,6,LIMIT
1790606909025236100,SELL,64875.5,11,LIMIT
1790606909075236100,SELL,64882.0,4,LIMIT
1790606909125236100,BUY,64871.0,3,LIMIT
1790606909175236100,SELL,64881.5,10,LIMIT
1790606909225236100,SELL,64876.0,8,LIMIT
1790606909275236100,BUY,64865.5,4,LIMIT
1790606909325236100,SELL,64864.5,6,MARKET
1790606909375236100,BUY,64855.5,10,MARKET
1790606909425236100,SELL,64859.0,10,LIMIT
1790606909475236100,BUY,64857.5,8,LIMIT
1790606909525236100,BUY,64854.5,14,LIMIT
1790606909575236100,BUY,64859.0,2,LIMIT
1790606909625236100,SELL,64861.0,13,LIMIT
1790606909675236100,SELL,64867.5,11,LIMIT
1790606909725236100,BUY,64859.5,5,MARKET
1790606909775236100,SELL,64861.0,7,LIMIT
1790606909825236100,BUY,64864.0,5,MARKET
1790606909875236100,BUY,64869.0,7,LIMIT
1790606909925236100,SELL,64877.5,14,LIMIT
1790606909975236100,BUY,64875.5,7,LIMIT
1790606910025236100,BUY,64882.0,8,LIMIT
1790606910075236100,BUY,64889.5,14,LIMIT
1790606910125236100,BUY,64891.5,11,LIMIT
1790606910175236100,SELL,64898.5,14,LIMIT
1790606910225236100,SELL,64902.0,11,MARKET
1790606910275236100,SELL,64897.0,7,MARKET
1790606910325236100,BUY,64890.0,14,LIMIT
1790606910375236100,BUY,64894.5,13,LIMIT
1790606910425236100,SELL,64893.5,13,LIMIT
1790606910475236100,BUY,64891.5,11,LIMIT
1790606910525236100,SELL,64891.0,11,LIMIT
1790606910575236100,SELL,64894.0,1,LIMIT
1790606910625236100,BUY,64896.0,4,LIMIT
1790606910675236100,SELL,64907.0,13,LIMIT
1790606910725236100,BUY,64901.0,5,LIMIT
1790606910775236100,SELL,64903.0,11,MARKET
1790606910825236100,BUY,64903.0,8,LIMIT
1790606910875236100,SELL,64907.0,8,MARKET
1790606910925236100,BUY,64901.5,9,LIMIT
1790606910975236100,BUY,64901.5,14,LIMIT
1790606911025236100,SELL,64908.5,4,LIMIT
1790606911075236100,SELL,64916.5,7,LIMIT
1790606911125236100,SELL,64918.0,9,LIMIT
1790606911175236100,BUY,64920.0,3,LIMIT
1790606911225236100,SELL,64923.5,11,LIMIT
1790606911275236100,BUY,64914.0,2,LIMIT
1790606911325236100,BUY,64905.5,15,LIMIT
1790606911375236100,SELL,64907.5,11,LIMIT
1790606911425236100,SELL,64913.0,2,MARKET
1790606911475236100,SELL,64916.5,14,LIMIT
1790606911525236100,SELL,64922.5,4,LIMIT
1790606911575236100,BUY,64918.0,14,LIMIT
1790606911625236100,BUY,64914.5,1,LIMIT
1790606911675236100,BUY,64913.0,4,LIMIT
1790606911725236100,SELL,64922.5,4,LIMIT
1790606911775236100,BUY,64913.5,13,LIMIT
1790606911825236100,SELL,64926.0,5,LIMIT
1790606911875236100,BUY,64915.0,7,LIMIT
1790606911925236100,BUY,64915.0,9,LIMIT
1790606911975236100,SELL,64918.5,10,LIMIT
1790606912025236100,SELL,64922.0,8,LIMIT
1790606912075236100,SELL,64926.0,10,LIMIT
1790606912125236100,SELL,64930.0,12,LIMIT
1790606912175236100,SELL,64927.5,1,LIMIT
1790606912225236100,BUY,64916.5,2,LIMIT
1790606912275236100,SELL,64917.0,2,LIMIT
1790606912325236100,BUY,64909.5,3,LIMIT
1790606912375236100,BUY,64909.5,15,MARKET
1790606912425236100,BUY,64907.0,14,LIMIT
1790606912475236100,SELL,64913.0,2,LIMIT
1790606912525236100,SELL,64913.0,12,LIMIT
1790606912575236100,BUY,64906.5,1,MARKET
1790606912625236100,SELL,64915.5,7,LIMIT
1790606912675236100,SELL,64921.0,3,LIMIT
1790606912725236100,BUY,64911.0,9,MARKET
1790606912775236100,SELL,64919.0,1,LIMIT
1790606912825236100,BUY,64919.0,13,LIMIT
1790606912875236100,BUY,64912.5,11,MARKET
1790606912925236100,SELL,64921.5,8,MARKET
1790606912975236100,SELL,64923.5,10,LIMIT
1790606913025236100,BUY,64926.5,2,LIMIT
1790606913075236100,BUY,64927.5,3,LIMIT
1790606913125236100,SELL,64928.0,10,LIMIT
1790606913175236100,SELL,64934.5,4,LIMIT
1790606913225236100,BUY,64928.0,10,LIMIT
1790606913275236100,SELL,64937.5,8,LIMIT
1790606913325236100,BUY,64929.0,10,LIMIT
1790606913375236100,SELL,64939.0,1,LIMIT
1790606913425236100,BUY,64933.0,6,LIMIT
1790606913475236100,BUY,64936.0,6,LIMIT
1790606913525236100,BUY,64939.0,2,LIMIT
1790606913575236100,BUY,64941.5,8,LIMIT
1790606913625236100,SELL,64947.5,10,LIMIT
1790606913675236100,BUY,64940.0,3,MARKET
1790606913725236100,SELL,64942.0,8,LIMIT
1790606913775236100,SELL,64945.0,13,LIMIT
1790606913825236100,BUY,64941.5,15,LIMIT
1790606913875236100,SELL,64949.5,5,LIMIT
1790606913925236100,SELL,64946.5,4,LIMIT
1790606913975236100,BUY,64939.0,10,LIMIT
1790606914025236100,SELL,64942.0,11,LIMIT
1790606914075236100,SELL,64933.0,6,LIMIT
1790606914125236100,BUY,64924.5,7,MARKET
1790606914175236100,BUY,64923.0,13,MARKET
1790606914225236100,BUY,64921.5,9,LIMIT
1790606914275236100,BUY,64922.5,10,LIMIT
1790606914325236100,BUY,64927.5,1,LIMIT
1790606914375236100,SELL,64931.5,12,LIMIT
1790606914425236100,BUY,64923.0,1,LIMIT
1790606914475236100,BUY,64923.0,8,MARKET
1790606914525236100,BUY,64921.5,9,LIMIT
1790606914575236100,SELL,64932.5,3,LIMIT
1790606914625236100,SELL,64928.5,4,LIMIT
1790606914675236100,BUY,64924.0,11,LIMIT
1790606914725236100,SELL,64927.0,3,LIMIT
1790606914775236100,SELL,64934.0,5,LIMIT
1790606914825236100,BUY,64920.5,15,LIMIT
1790606914875236100,SELL,64935.0,5,MARKET
1790606914925236100,SELL,64935.0,12,LIMIT
1790606914975236100,BUY,64922.5,4,LIMIT
1790606915025236100,SELL,64920.5,5,LIMIT
1790606915075236100,BUY,64913.5,12,LIMIT
1790606915125236100,BUY,64910.5,5,LIMIT
1790606915175236100,BUY,64909.0,5,LIMIT
1790606915225236100,BUY,64912.0,15,LIMIT
1790606915275236100,BUY,64915.0,14,LIMIT
1790606915325236100,BUY,64919.5,13,LIMIT
1790606915375236100,BUY,64916.5,10,LIMIT
1790606915425236100,BUY,64922.0,6,MARKET
1790606915475236100,BUY,64924.0,6,LIMIT
1790606915525236100,SELL,64923.0,5,LIMIT
1790606915575236100,SELL,64922.0,10,LIMIT
1790606915625236100,SELL,64923.0,14,LIMIT
1790606915675236100,SELL,64919.0,3,LIMIT
1790606915725236100,BUY,64917.0,1,LIMIT
1790606915775236100,SELL,64916.0,15,LIMIT
1790606915825236100,SELL,64916.0,2,LIMIT
1790606915875236100,BUY,64911.5,2,LIMIT
1790606915925236100,SELL,64909.0,2,LIMIT
1790606915975236100,BUY,64900.5,8,LIMIT
1790606916025236100,SELL,64914.0,12,LIMIT
1790606916075236100,SELL,64907.5,7,LIMIT
1790606916125236100,SELL,64915.0,13,LIMIT
1790606916175236100,SELL,64915.0,15,LIMIT
1790606916225236100,BUY,64912.5,15,LIMIT
1790606916275236100,BUY,64911.5,4,LIMIT
1790606916325236100,BUY,64912.5,15,LIMIT
1790606916375236100,SELL,64917.0,12,LIMIT
1790606916425236100,BUY,64911.5,8,LIMIT
1790606916475236100,SELL,64912.0,13,LIMIT
1790606916525236100,BUY,64905.5,9,LIMIT
1790606916575236100,BUY,64901.5,2,LIMIT
1790606916625236100,SELL,64913.0,7,LIMIT
1790606916675236100,SELL,64911.5,5,LIMIT
1790606916725236100,BUY,64906.5,2,MARKET
1790606916775236100,SELL,64917.0,6,LIMIT
1790606916825236100,SELL,64918.5,5,LIMIT
1790606916875236100,SELL,64913.5,9,LIMIT
1790606916925236100,SELL,64914.0,6,LIMIT
1790606916975236100,BUY,64904.5,5,MARKET
1790606917025236100,SELL,64912.0,12,LIMIT
1790606917075236100,SELL,64916.0,5,LIMIT
1790606917125236100,SELL,64913.5,5,LIMIT
1790606917175236100,BUY,64903.0,11,LIMIT
1790606917225236100,SELL,64914.5,14,LIMIT
1790606917275236100,SELL,64908.5,10,LIMIT
1790606917325236100,SELL,64914.5,15,LIMIT
1790606917375236100,BUY,64908.5,12,LIMIT
1790606917425236100,BUY,64900.5,1,LIMIT
1790606917475236100,SELL,64914.5,1,LIMIT
1790606917525236100,BUY,64900.0,14,LIMIT
1790606917575236100,BUY,64898.0,12,LIMIT
1790606917625236100,BUY,64904.0,14,LIMIT
1790606917675236100,BUY,64897.0,13,LIMIT
1790606917725236100,SELL,64898.0,14,LIMIT
1790606917775236100,SELL,64895.0,7,MARKET
1790606917825236100,SELL,64896.0,4,LIMIT
1790606917875236100,BUY,64891.5,3,LIMIT
1790606917925236100,SELL,64895.0,4,LIMIT
1790606917975236100,SELL,64895.0,1,LIMIT
1790606918025236100,SELL,64891.5,12,LIMIT
1790606918075236100,SELL,64894.0,11,MARKET
1790606918125236100,SELL,64891.0,2,LIMIT
1790606918175236100,BUY,64891.5,8,LIMIT
1790606918225236100,BUY,64889.0,13,LIMIT
1790606918275236100,SELL,64891.5,6,LIMIT
1790606918325236100,SELL,64898.0,1,LIMIT
1790606918375236100,SELL,64904.0,13,LIMIT
1790606918425236100,BUY,64898.5,3,LIMIT
1790606918475236100,SELL,64908.5,13,LIMIT
1790606918525236100,SELL,64901.0,6,LIMIT
1790606918575236100,SELL,64903.5,4,LIMIT
1790606918625236100,BUY,64901.5,2,LIMIT
1790606918675236100,BUY,64899.5,9,LIMIT
1790606918725236100,BUY,64902.0,14,LIMIT
1790606918775236100,BUY,64897.0,15,LIMIT
1790606918825236100,BUY,64898.0,2,LIMIT
1790606918875236100,SELL,64904.5,3,MARKET
1790606918925236100,BUY,64906.0,10,LIMIT
1790606918975236100,BUY,64900.5,3,LIMIT
1790606919025236100,BUY,64900.0,1,MARKET
1790606919075236100,SELL,64900.0,15,LIMIT
1790606919125236100,BUY,64894.5,6,LIMIT
1790606919175236100,SELL,64896.0,11,LIMIT
1790606919225236100,BUY,64889.5,13,LIMIT
1790606919275236100,BUY,64887.0,6,MARKET
1790606919325236100,SELL,64886.5,8,LIMIT
1790606919375236100,BUY,64883.0,15,LIMIT
1790606919425236100,BUY,64888.5,9,LIMIT
1790606919475236100,SELL,64899.5,12,LIMIT
1790606919525236100,BUY,64885.0,4,LIMIT
1790606919575236100,BUY,64882.5,2,LIMIT
1790606919625236100,SELL,64896.0,7,LIMIT
1790606919675236100,BUY,64891.5,15,LIMIT
1790606919725236100,SELL,64897.5,5,LIMIT
1790606919775236100,BUY,64892.0,15,LIMIT
1790606919825236100,BUY,64892.5,12,LIMIT
1790606919875236100,BUY,64888.5,2,LIMIT
1790606919925236100,SELL,64890.0,3,LIMIT
1790606919975236100,SELL,64888.5,13,LIMIT
1790606920025236100,BUY,64883.0,12,LIMIT
1790606920075236100,SELL,64893.5,2,LIMIT
1790606920125236100,BUY,64892.0,3,LIMIT
1790606920175236100,BUY,64890.5,12,LIMIT
1790606920225236100,SELL,64895.5,8,LIMIT
1790606920275236100,SELL,64895.5,8,MARKET
1790606920325236100,BUY,64889.5,4,LIMIT
1790606920375236100,SELL,64887.5,2,LIMIT
1790606920425236100,BUY,64882.0,4,MARKET
1790606920475236100,BUY,64884.0,3,MARKET
1790606920525236100,BUY,64890.0,6,LIMIT
1790606920575236100,BUY,64895.0,6,MARKET
1790606920625236100,BUY,64892.0,5,LIMIT
1790606920675236100,SELL,64902.5,14,LIMIT
1790606920725236100,SELL,64906.5,6,LIMIT
1790606920775236100,SELL,64904.0,9,LIMIT
1790606920825236100,BUY,64900.5,5,LIMIT
1790606920875236100,SELL,64904.0,2,LIMIT
1790606920925236100,SELL,64898.5,8,LIMIT
1790606920975236100,BUY,64890.5,13,LIMIT
1790606921025236100,SELL,64897.5,8,LIMIT
1790606921075236100,BUY,64885.5,2,LIMIT
1790606921125236100,SELL,64887.0,5,LIMIT
1790606921175236100,SELL,64888.0,5,LIMIT
1790606921225236100,SELL,64887.0,11,LIMIT
1790606921275236100,BUY,64877.5,13,MARKET
1790606921325236100,SELL,64882.5,15,LIMIT
1790606921375236100,SELL,64875.5,13,LIMIT
1790606921425236100,SELL,64884.0,8,MARKET
1790606921475236100,SELL,64879.0,1,LIMIT
1790606921525236100,SELL,64882.0,7,LIMIT
1790606921575236100,SELL,64876.5,12,LIMIT
1790606921625236100,BUY,64876.5,10,LIMIT
1790606921675236100,BUY,64884.5,7,MARKET
1790606921725236100,BUY,64887.0,4,MARKET
1790606921775236100,BUY,64888.0,1,LIMIT
1790606921825236100,BUY,64886.0,6,LIMIT
1790606921875236100,BUY,64885.5,5,LIMIT
1790606921925236100,SELL,64895.5,3,MARKET
1790606921975236100,SELL,64898.0,9,LIMIT
1790606922025236100,BUY,64891.5,12,LIMIT
1790606922075236100,SELL,64899.5,7,LIMIT
1790606922125236100,BUY,64892.0,10,LIMIT
1790606922175236100,SELL,64899.5,5,LIMIT
1790606922225236100,SELL,64902.5,14,LIMIT
1790606922275236100,BUY,64894.0,12,LIMIT
1790606922325236100,BUY,64896.5,6,LIMIT
1790606922375236100,SELL,64899.5,14,LIMIT
1790606922425236100,BUY,64890.0,4,LIMIT
1790606922475236100,BUY,64893.5,8,LIMIT
1790606922525236100,BUY,64896.0,2,MARKET
1790606922575236100,SELL,64903.0,13,LIMIT
1790606922625236100,SELL,64909.5,3,LIMIT
1790606922675236100,SELL,64911.0,9,LIMIT
1790606922725236100,BUY,64900.5,10,MARKET
1790606922775236100,SELL,64900.5,11,LIMIT
1790606922825236100,BUY,64902.5,6,LIMIT
1790606922875236100,SELL,64915.0,4,LIMIT
1790606922925236100,BUY,64911.0,12,LIMIT
1790606922975236100,SELL,64915.5,10,LIMIT
1790606923025236100,SELL,64918.0,15,LIMIT
1790606923075236100,BUY,64912.5,10,LIMIT
1790606923125236100,BUY,64910.0,1,LIMIT
1790606923175236100,SELL,64911.5,2,LIMIT
1790606923225236100,BUY,64905.5,3,MARKET
1790606923275236100,SELL,64915.0,1,LIMIT
1790606923325236100,BUY,64906.5,10,LIMIT
1790606923375236100,BUY,64909.0,7,LIMIT
1790606923425236100,SELL,64911.0,1,LIMIT
1790606923475236100,SELL,64916.5,14,LIMIT
1790606923525236100,SELL,64923.5,8,LIMIT
1790606923575236100,SELL,64926.0,12,LIMIT
1790606923625236100,SELL,64924.5,6,LIMIT
1790606923675236100,BUY,64919.5,11,MARKET
1790606923725236100,SELL,64923.0,11,LIMIT
1790606923775236100,SELL,64918.0,9,LIMIT
1790606923825236100,BUY,64913.0,15,LIMIT
1790606923875236100,SELL,64915.5,9,LIMIT
1790606923925236100,SELL,64920.0,8,LIMIT
1790606923975236100,SELL,64916.0,3,MARKET
1790606924025236100,SELL,64911.0,13,MARKET
1790606924075236100,BUY,64901.0,10,LIMIT
1790606924125236100,SELL,64909.0,5,MARKET
1790606924175236100,SELL,64905.0,7,LIMIT
1790606924225236100,BUY,64898.5,4,LIMIT
1790606924275236100,BUY,64904.0,1,MARKET
1790606924325236100,BUY,64895.5,7,LIMIT
1790606924375236100,SELL,64902.5,10,MARKET
1790606924425236100,SELL,64904.0,13,LIMIT
1790606924475236100,SELL,64900.0,6,MARKET
1790606924525236100,BUY,64892.0,10,LIMIT
1790606924575236100,SELL,64900.0,11,LIMIT
1790606924625236100,SELL,64898.5,10,LIMIT
1790606924675236100,BUY,64894.0,9,LIMIT
1790606924725236100,SELL,64893.0,6,MARKET
1790606924775236100,BUY,64888.5,10,LIMIT
1790606924825236100,SELL,64897.0,6,LIMIT
1790606924875236100,SELL,64897.0,11,LIMIT
1790606924925236100,SELL,64896.0,8,LIMIT
1790606924975236100,SELL,64898.0,7,LIMIT
1790606925025236100,BUY,64889.0,6,LIMIT
1790606925075236100,SELL,64893.0,12,LIMIT
1790606925125236100,BUY,64881.0,11,LIMIT
1790606925175236100,BUY,64881.0,6,LIMIT
1790606925225236100,BUY,64885.5,9,LIMIT
1790606925275236100,SELL,64890.0,2,MARKET
1790606925325236100,SELL,64887.0,8,LIMIT
1790606925375236100,BUY,64888.5,12,LIMIT
1790606925425236100,BUY,64889.0,7,LIMIT
1790606925475236100,BUY,64886.5,6,LIMIT
1790606925525236100,BUY,64891.5,9,LIMIT
1790606925575236100,BUY,64896.0,3,LIMIT
1790606925625236100,SELL,64895.5,3,LIMIT
1790606925675236100,SELL,64893.0,6,LIMIT
1790606925725236100,SELL,64890.5,10,LIMIT
1790606925775236100,BUY,64883.0,11,LIMIT
1790606925825236100,SELL,64881.5,13,LIMIT
1790606925875236100,BUY,64880.0,8,LIMIT
1790606925925236100,BUY,64884.5,10,LIMIT
1790606925975236100,BUY,64883.5,10,LIMIT
1790606926025236100,BUY,64878.0,12,LIMIT
1790606926075236100,BUY,64875.5,2,LIMIT
1790606926125236100,BUY,64878.5,14,LIMIT
1790606926175236100,SELL,64885.5,13,LIMIT
1790606926225236100,BUY,64883.0,2,LIMIT
1790606926275236100,SELL,64891.0,4,LIMIT
1790606926325236100,SELL,64891.0,9,LIMIT
1790606926375236100,BUY,64884.0,2,LIMIT
1790606926425236100,SELL,64886.5,11,LIMIT
1790606926475236100,SELL,64893.0,5,LIMIT
1790606926525236100,SELL,64893.5,6,LIMIT
1790606926575236100,SELL,64898.0,12,LIMIT
1790606926625236100,SELL,64899.5,13,LIMIT
1790606926675236100,BUY,64900.5,12,MARKET
1790606926725236100,BUY,64904.5,8,LIMIT
1790606926775236100,BUY,64907.0,4,LIMIT
1790606926825236100,SELL,64915.5,2,MARKET
1790606926875236100,SELL,64917.0,13,LIMIT
1790606926925236100,SELL,64910.0,12,LIMIT
1790606926975236100,SELL,64911.5,14,MARKET
1790606927025236100,SELL,64909.0,1,LIMIT
1790606927075236100,BUY,64901.0,9,LIMIT
1790606927125236100,BUY,64901.0,12,LIMIT
1790606927175236100,SELL,64901.0,14,MARKET
1790606927225236100,BUY,64894.0,2,LIMIT
1790606927275236100,BUY,64892.5,8,MARKET
1790606927325236100,BUY,64887.0,15,MARKET
1790606927375236100,SELL,64899.5,11,LIMIT
1790606927425236100,SELL,64905.0,11,LIMIT
1790606927475236100,BUY,64901.0,4,LIMIT
1790606927525236100,BUY,64903.5,3,LIMIT
1790606927575236100,SELL,64905.0,15,LIMIT
1790606927625236100,BUY,64891.5,15,LIMIT
1790606927675236100,SELL,64891.0,5,LIMIT
1790606927725236100,SELL,64885.5,15,LIMIT
1790606927775236100,SELL,64888.0,8,MARKET
1790606927825236100,SELL,64888.0,1,LIMIT
1790606927875236100,SELL,64881.0,11,LIMIT
1790606927925236100,SELL,64882.5,14,LIMIT
1790606927975236100,SELL,64879.5,13,LIMIT
1790606928025236100,SELL,64877.0,11,LIMIT
1790606928075236100,BUY,64873.5,6,LIMIT
1790606928125236100,BUY,64870.5,2,LIMIT
1790606928175236100,SELL,64880.0,9,LIMIT
1790606928225236100,SELL,64873.0,2,LIMIT
1790606928275236100,BUY,64864.0,11,MARKET
1790606928325236100,BUY,64870.0,4,MARKET
1790606928375236100,SELL,64873.5,7,LIMIT
1790606928425236100,SELL,64880.0,13,LIMIT
1790606928475236100,BUY,64868.0,13,LIMIT
1790606928525236100,BUY,64873.5,14,LIMIT
1790606928575236100,BUY,64874.0,6,LIMIT
1790606928625236100,BUY,64871.5,7,LIMIT
1790606928675236100,BUY,64868.5,10,LIMIT
1790606928725236100,SELL,64870.5,5,LIMIT
1790606928775236100,SELL,64871.0,4,LIMIT
1790606928825236100,SELL,64866.0,12,LIMIT
1790606928875236100,BUY,64866.5,6,LIMIT
1790606928925236100,SELL,64865.5,4,LIMIT
1790606928975236100,BUY,64868.0,5,LIMIT
1790606929025236100,BUY,64863.5,2,LIMIT
1790606929075236100,SELL,64869.5,11,LIMIT
1790606929125236100,BUY,64859.0,3,LIMIT
1790606929175236100,SELL,64866.0,15,LIMIT
1790606929225236100,SELL,64865.0,3,LIMIT
1790606929275236100,BUY,64861.5,12,MARKET
1790606929325236100,BUY,64865.5,2,LIMIT
1790606929375236100,BUY,64865.0,10,LIMIT
1790606929425236100,BUY,64863.5,8,LIMIT
1790606929475236100,SELL,64873.5,4,LIMIT
1790606929525236100,SELL,64871.5,7,LIMIT
1790606929575236100,BUY,64870.0,7,LIMIT
1790606929625236100,SELL,64877.0,15,LIMIT
1790606929675236100,BUY,64873.5,14,LIMIT
1790606929725236100,SELL,64885.0,5,LIMIT
1790606929775236100,SELL,64875.5,13,LIMIT
1790606929825236100,SELL,64881.0,10,MARKET
1790606929875236100,SELL,64886.5,11,LIMIT
1790606929925236100,BUY,64884.0,7,LIMIT
1790606929975236100,SELL,64894.0,1,LIMIT
1790606930025236100,BUY,64893.0,2,LIMIT
1790606930075236100,BUY,64886.0,11,LIMIT
1790606930125236100,BUY,64882.5,5,LIMIT
1790606930175236100,BUY,64888.5,6,LIMIT
1790606930225236100,BUY,64896.5,9,LIMIT
1790606930275236100,SELL,64899.0,5,LIMIT
1790606930325236100,SELL,64903.0,15,LIMIT
1790606930375236100,SELL,64902.5,3,LIMIT
1790606930425236100,SELL,64907.0,11,LIMIT
1790606930475236100,BUY,64901.0,5,LIMIT
1790606930525236100,SELL,64901.5,2,LIMIT
1790606930575236100,SELL,64900.5,12,LIMIT
1790606930625236100,BUY,64899.0,7,LIMIT
1790606930675236100,BUY,64898.0,11,LIMIT
1790606930725236100,SELL,64908.5,7,MARKET
1790606930775236100,BUY,64906.0,2,LIMIT
1790606930825236100,SELL,64910.0,14,LIMIT
1790606930875236100,SELL,64912.5,4,LIMIT
1790606930925236100,BUY,64907.0,1,LIMIT
1790606930975236100,BUY,64908.0,12,MARKET
1790606931025236100,SELL,64909.0,4,LIMIT
1790606931075236100,SELL,64905.5,10,LIMIT
1790606931125236100,SELL,64902.5,8,LIMIT
1790606931175236100,BUY,64894.0,15,LIMIT
1790606931225236100,BUY,64901.0,8,LIMIT
1790606931275236100,BUY,64892.5,2,LIMIT
1790606931325236100,SELL,64903.0,8,LIMIT
1790606931375236100,BUY,64896.5,2,LIMIT
1790606931425236100,SELL,64897.5,5,LIMIT
1790606931475236100,BUY,64884.5,6,LIMIT
1790606931525236100,SELL,64893.0,2,LIMIT
1790606931575236100,BUY,64893.0,2,LIMIT
1790606931625236100,SELL,64896.0,5,LIMIT
1790606931675236100,BUY,64897.5,3,LIMIT
1790606931725236100,SELL,64897.5,6,LIMIT
1790606931775236100,BUY,64895.5,14,MARKET
1790606931825236100,SELL,64899.0,5,LIMIT
1790606931875236100,BUY,64891.0,7,MARKET
1790606931925236100,SELL,64896.0,12,LIMIT
1790606931975236100,BUY,64895.5,15,LIMIT
1790606932025236100,SELL,64905.5,6,MARKET
1790606932075236100,BUY,64893.5,14,LIMIT
1790606932125236100,SELL,64894.5,3,LIMIT
1790606932175236100,SELL,64898.5,7,LIMIT
1790606932225236100,BUY,64899.0,3,LIMIT
1790606932275236100,BUY,64899.0,6,LIMIT
1790606932325236100,SELL,64905.5,3,LIMIT
1790606932375236100,SELL,64906.0,9,LIMIT
1790606932425236100,SELL,64911.0,7,LIMIT
1790606932475236100,BUY,64898.0,6,LIMIT
1790606932525236100,BUY,64897.0,12,LIMIT
1790606932575236100,SELL,64897.5,13,LIMIT
1790606932625236100,SELL,64897.5,4,LIMIT
1790606932675236100,BUY,64898.0,13,LIMIT
1790606932725236100,BUY,64897.5,3,LIMIT
1790606932775236100,BUY,64901.0,13,LIMIT
1790606932825236100,SELL,64898.0,10,LIMIT
1790606932875236100,SELL,64904.0,2,LIMIT
1790606932925236100,BUY,64899.0,1,LIMIT
1790606932975236100,BUY,64903.0,14,LIMIT
1790606933025236100,SELL,64914.0,15,LIMIT
1790606933075236100,SELL,64917.0,13,LIMIT
1790606933125236100,SELL,64913.0,6,LIMIT
1790606933175236100,SELL,64917.5,1,LIMIT
1790606933225236100,SELL,64912.0,8,LIMIT
1790606933275236100,BUY,64903.0,2,LIMIT
1790606933325236100,SELL,64912.5,4,LIMIT
1790606933375236100,SELL,64918.0,11,MARKET
1790606933425236100,BUY,64914.5,9,LIMIT
1790606933475236100,BUY,64915.5,3,LIMIT
1790606933525236100,BUY,64920.5,4,MARKET
1790606933575236100,BUY,64917.0,9,MARKET
1790606933625236100,SELL,64923.5,6,LIMIT
1790606933675236100,BUY,64917.0,13,LIMIT
1790606933725236100,BUY,64916.0,8,LIMIT
1790606933775236100,SELL,64920.5,14,LIMIT
1790606933825236100,BUY,64910.5,2,LIMIT
1790606933875236100,SELL,64909.5,8,LIMIT
1790606933925236100,BUY,64906.0,9,LIMIT
1790606933975236100,SELL,64916.5,8,LIMIT
1790606934025236100,SELL,64911.0,9,LIMIT
1790606934075236100,SELL,64905.5,10,LIMIT
1790606934125236100,SELL,64906.0,9,MARKET
1790606934175236100,SELL,64903.5,3,MARKET
1790606934225236100,SELL,64901.5,8,LIMIT
1790606934275236100,BUY,64901.5,1,LIMIT
1790606934325236100,BUY,64899.0,5,LIMIT
1790606934375236100,BUY,64900.5,15,LIMIT
1790606934425236100,BUY,64904.5,8,MARKET
1790606934475236100,SELL,64908.5,7,LIMIT
1790606934525236100,SELL,64903.0,3,LIMIT
1790606934575236100,SELL,64908.0,3,LIMIT
1790606934625236100,BUY,64907.0,9,LIMIT
1790606934675236100,SELL,64911.5,2,LIMIT
1790606934725236100,SELL,64912.5,2,LIMIT
1790606934775236100,SELL,64913.0,14,MARKET
1790606934825236100,SELL,64915.5,2,LIMIT
1790606934875236100,BUY,64908.5,4,LIMIT
1790606934925236100,BUY,64908.5,7,LIMIT
1790606934975236100,BUY,64910.0,7,LIMIT
1790606935025236100,SELL,64917.0,9,LIMIT
1790606935075236100,SELL,64916.0,2,LIMIT
1790606935125236100,SELL,64912.5,12,LIMIT
1790606935175236100,SELL,64909.0,10,LIMIT
1790606935225236100,BUY,64908.0,13,LIMIT
1790606935275236100,BUY,64908.0,4,LIMIT
1790606935325236100,SELL,64918.0,11,LIMIT
1790606935375236100,SELL,64922.0,4,MARKET
1790606935425236100,SELL,64920.0,8,LIMIT
1790606935475236100,SELL,64918.5,15,LIMIT
1790606935525236100,SELL,64919.0,15,LIMIT
1790606935575236100,SELL,64926.0,11,LIMIT
1790606935625236100,BUY,64916.0,9,LIMIT
1790606935675236100,BUY,64915.0,6,LIMIT
1790606935725236100,SELL,64928.5,3,LIMIT
1790606935775236100,SELL,64932.5,3,LIMIT
1790606935825236100,SELL,64930.5,14,MARKET
1790606935875236100,SELL,64931.5,15,LIMIT
1790606935925236100,SELL,64939.0,6,LIMIT
1790606935975236100,SELL,64938.0,7,MARKET
1790606936025236100,SELL,64933.0,14,LIMIT
1790606936075236100,SELL,64932.0,7,LIMIT
1790606936125236100,BUY,64929.5,15,MARKET
1790606936175236100,BUY,64928.0,3,LIMIT
1790606936225236100,BUY,64925.0,13,MARKET
1790606936275236100,BUY,64917.5,3,LIMIT
1790606936325236100,SELL,64925.5,10,LIMIT
1790606936375236100,SELL,64927.0,3,LIMIT
1790606936425236100,BUY,64925.0,10,MARKET
1790606936475236100,SELL,64927.5,11,LIMIT
1790606936525236100,SELL,64927.5,8,LIMIT
1790606936575236100,BUY,64923.5,8,LIMIT
1790606936625236100,BUY,64921.0,5,LIMIT
1790606936675236100,BUY,64917.5,7,MARKET
1790606936725236100,BUY,64911.0,2,LIMIT
1790606936775236100,BUY,64910.5,11,LIMIT
1790606936825236100,BUY,64916.5,3,LIMIT
1790606936875236100,BUY,64914.0,3,LIMIT
1790606936925236100,BUY,64917.0,3,LIMIT
1790606936975236100,BUY,64912.5,2,LIMIT
1790606937025236100,SELL,64921.5,15,LIMIT
1790606937075236100,SELL,64920.5,9,MARKET
1790606937125236100,BUY,64918.0,5,LIMIT
1790606937175236100,SELL,64916.0,14,LIMIT
1790606937225236100,SELL,64923.5,7,LIMIT
1790606937275236100,SELL,64920.0,8,LIMIT
1790606937325236100,BUY,64908.5,2,LIMIT
1790606937375236100,BUY,64907.0,12,LIMIT
1790606937425236100,SELL,64910.5,15,LIMIT
1790606937475236100,BUY,64905.5,3,LIMIT
1790606937525236100,SELL,64913.5,6,LIMIT
1790606937575236100,BUY,64912.0,10,LIMIT
1790606937625236100,BUY,64903.0,15,LIMIT
1790606937675236100,BUY,64905.0,11,LIMIT
1790606937725236100,BUY,64911.5,5,MARKET
1790606937775236100,SELL,64911.5,13,MARKET
1790606937825236100,SELL,64915.0,3,LIMIT
1790606937875236100,SELL,64913.5,8,LIMIT
1790606937925236100,BUY,64904.5,13,LIMIT
1790606937975236100,SELL,64902.0,8,LIMIT
1790606938025236100,SELL,64899.5,12,MARKET
1790606938075236100,SELL,64900.0,12,LIMIT
1790606938125236100,SELL,64890.5,2,LIMIT
1790606938175236100,BUY,64880.5,1,LIMIT
1790606938225236100,SELL,64885.5,10,LIMIT
1790606938275236100,SELL,64888.5,6,LIMIT
1790606938325236100,BUY,64882.0,11,LIMIT
1790606938375236100,SELL,64892.5,3,LIMIT
1790606938425236100,SELL,64889.0,9,LIMIT
1790606938475236100,BUY,64890.0,10,MARKET
1790606938525236100,BUY,64897.0,8,LIMIT
1790606938575236100,SELL,64898.0,12,LIMIT
1790606938625236100,SELL,64900.5,7,LIMIT
1790606938675236100,BUY,64890.5,1,LIMIT
1790606938725236100,BUY,64885.5,8,LIMIT
1790606938775236100,SELL,64887.5,13,LIMIT
1790606938825236100,SELL,64889.5,15,LIMIT
1790606938875236100,BUY,64887.0,7,LIMIT
1790606938925236100,BUY,64891.5,12,LIMIT
1790606938975236100,BUY,64883.0,5,LIMIT
1790606939025236100,BUY,64885.0,11,LIMIT
1790606939075236100,BUY,64889.5,13,LIMIT
1790606939125236100,BUY,64888.0,4,LIMIT
1790606939175236100,BUY,64890.0,2,LIMIT
1790606939225236100,BUY,64890.5,13,LIMIT
1790606939275236100,BUY,64894.0,8,LIMIT
1790606939325236100,SELL,64897.0,12,MARKET
1790606939375236100,SELL,64895.5,5,MARKET
1790606939425236100,SELL,64897.5,2,LIMIT
1790606939475236100,BUY,64887.0,6,LIMIT
1790606939525236100,SELL,64897.5,3,LIMIT
1790606939575236100,SELL,64893.0,4,LIMIT
1790606939625236100,SELL,64888.5,3,LIMIT
1790606939675236100,BUY,64886.0,10,LIMIT
1790606939725236100,SELL,64897.5,13,LIMIT
1790606939775236100,SELL,64893.0,4,LIMIT
1790606939825236100,BUY,64885.0,14,LIMIT
1790606939875236100,SELL,64892.5,15,LIMIT
1790606939925236100,SELL,64896.5,14,LIMIT
1790606939975236100,BUY,64886.5,1,LIMIT
1790606940025236100,SELL,64897.5,14,LIMIT
1790606940075236100,SELL,64888.5,8,LIMIT
1790606940125236100,BUY,64883.0,8,MARKET
1790606940175236100,SELL,64890.0,14,LIMIT
1790606940225236100,BUY,64883.5,11,LIMIT
1790606940275236100,SELL,64896.0,10,LIMIT
1790606940325236100,BUY,64888.5,2,LIMIT
1790606940375236100,SELL,64889.5,7,LIMIT
1790606940425236100,SELL,64887.5,12,LIMIT
1790606940475236100,SELL,64891.0,14,LIMIT
1790606940525236100,SELL,64889.0,10,LIMIT
1790606940575236100,BUY,64881.5,7,LIMIT
1790606940625236100,BUY,64874.0,15,LIMIT
1790606940675236100,SELL,64885.5,3,LIMIT
1790606940725236100,SELL,64882.0,2,LIMIT
1790606940775236100,SELL,64874.0,8,LIMIT
1790606940825236100,BUY,64871.0,5,LIMIT
1790606940875236100,BUY,64870.5,5,LIMIT
1790606940925236100,SELL,64872.0,4,LIMIT
1790606940975236100,SELL,64869.5,12,LIMIT
1790606941025236100,SELL,64865.0,13,LIMIT
1790606941075236100,SELL,64864.0,14,LIMIT
1790606941125236100,SELL,64858.5,1,LIMIT
1790606941175236100,SELL,64860.5,10,LIMIT
1790606941225236100,SELL,64867.0,15,LIMIT
1790606941275236100,BUY,64858.5,15,LIMIT
1790606941325236100,BUY,64866.0,4,LIMIT
1790606941375236100,BUY,64868.5,11,LIMIT
1790606941425236100,BUY,64865.0,8,LIMIT
1790606941475236100,BUY,64861.5,9,LIMIT
1790606941525236100,BUY,64864.0,6,LIMIT
1790606941575236100,SELL,64865.5,10,LIMIT
1790606941625236100,SELL,64870.0,13,LIMIT
1790606941675236100,SELL,64866.5,13,LIMIT
1790606941725236100,BUY,64857.5,10,LIMIT
1790606941775236100,SELL,64870.0,2,MARKET
1790606941825236100,SELL,64865.5,8,LIMIT
1790606941875236100,BUY,64866.5,10,LIMIT
1790606941925236100,BUY,64870.5,10,LIMIT
1790606941975236100,BUY,64871.5,12,LIMIT
1790606942025236100,SELL,64880.5,13,LIMIT
1790606942075236100,SELL,64884.0,6,LIMIT
1790606942125236100,SELL,64884.0,7,LIMIT
1790606942175236100,SELL,64881.5,2,LIMIT
1790606942225236100,BUY,64874.0,13,LIMIT
1790606942275236100,BUY,64868.0,10,LIMIT
1790606942325236100,BUY,64864.5,4,LIMIT
1790606942375236100,SELL,64869.0,9,LIMIT
1790606942425236100,BUY,64862.5,13,LIMIT
1790606942475236100,SELL,64862.0,15,LIMIT
1790606942525236100,SELL,64866.0,11,LIMIT
1790606942575236100,BUY,64855.5,9,LIMIT
1790606942625236100,BUY,64850.0,6,LIMIT
1790606942675236100,BUY,64848.0,9,LIMIT
1790606942725236100,BUY,64844.5,8,LIMIT
1790606942775236100,SELL,64846.5,12,MARKET
1790606942825236100,BUY,64838.0,14,MARKET
1790606942875236100,BUY,64835.0,7,LIMIT
1790606942925236100,BUY,64835.0,12,LIMIT
1790606942975236100,SELL,64841.5,10,MARKET
1790606943025236100,BUY,64837.0,13,LIMIT
1790606943075236100,BUY,64831.5,7,LIMIT
1790606943125236100,BUY,64836.5,3,LIMIT
1790606943175236100,BUY,64834.5,3,LIMIT
1790606943225236100,BUY,64837.5,8,LIMIT
1790606943275236100,SELL,64848.5,13,MARKET
1790606943325236100,BUY,64840.5,5,LIMIT
1790606943375236100,BUY,64839.0,2,LIMIT
1790606943425236100,BUY,64831.0,3,MARKET
1790606943475236100,SELL,64842.5,3,MARKET
1790606943525236100,BUY,64830.0,4,LIMIT
1790606943575236100,BUY,64823.5,12,LIMIT
1790606943625236100,BUY,64824.5,7,LIMIT
1790606943675236100,SELL,64834.0,7,LIMIT
1790606943725236100,SELL,64834.5,12,MARKET
1790606943775236100,BUY,64823.0,10,LIMIT
1790606943825236100,SELL,64831.5,12,LIMIT
1790606943875236100,SELL,64834.0,6,LIMIT
1790606943925236100,BUY,64822.5,12,LIMIT
1790606943975236100,SELL,64828.0,5,MARKET
1790606944025236100,SELL,64832.0,5,MARKET
1790606944075236100,BUY,64820.5,8,LIMIT
1790606944125236100,BUY,64823.0,10,LIMIT
1790606944175236100,BUY,64821.5,5,LIMIT
1790606944225236100,BUY,64822.5,6,LIMIT
1790606944275236100,BUY,64826.0,10,LIMIT
1790606944325236100,SELL,64834.0,8,LIMIT
1790606944375236100,SELL,64830.0,2,LIMIT
1790606944425236100,BUY,64825.5,12,LIMIT
1790606944475236100,SELL,64835.0,7,LIMIT
1790606944525236100,BUY,64823.0,7,LIMIT
1790606944575236100,SELL,64833.0,15,LIMIT
1790606944625236100,BUY,64834.5,15,LIMIT
1790606944675236100,SELL,64837.5,11,LIMIT
1790606944725236100,SELL,64834.0,1,LIMIT
1790606944775236100,SELL,64829.0,8,LIMIT
1790606944825236100,BUY,64821.5,2,LIMIT
1790606944875236100,BUY,64819.5,10,LIMIT
1790606944925236100,BUY,64814.5,10,LIMIT
1790606944975236100,BUY,64814.5,13,LIMIT
1790606945025236100,BUY,64819.0,14,LIMIT
1790606945075236100,BUY,64820.5,13,MARKET
1790606945125236100,BUY,64828.0,9,MARKET
1790606945175236100,SELL,64836.5,12,LIMIT
1790606945225236100,SELL,64836.0,10,MARKET
1790606945275236100,BUY,64832.0,15,LIMIT
1790606945325236100,SELL,64837.0,3,LIMIT
1790606945375236100,BUY,64833.5,9,LIMIT
1790606945425236100,BUY,64834.0,14,LIMIT
1790606945475236100,SELL,64835.5,8,LIMIT
1790606945525236100,BUY,64829.5,10,MARKET
1790606945575236100,BUY,64829.0,6,LIMIT
1790606945625236100,SELL,64831.0,9,LIMIT
1790606945675236100,BUY,64828.0,13,LIMIT
1790606945725236100,BUY,64824.5,13,LIMIT
1790606945775236100,BUY,64821.0,6,LIMIT
1790606945825236100,SELL,64831.5,2,LIMIT
1790606945875236100,BUY,64825.0,15,LIMIT
1790606945925236100,SELL,64838.5,6,LIMIT
1790606945975236100,SELL,64841.5,13,LIMIT
1790606946025236100,BUY,64829.0,11,MARKET
1790606946075236100,BUY,64826.0,13,MARKET
1790606946125236100,SELL,64831.0,11,LIMIT
1790606946175236100,SELL,64831.5,11,LIMIT
1790606946225236100,BUY,64822.0,4,LIMIT
1790606946275236100,BUY,64817.0,4,LIMIT
1790606946325236100,SELL,64819.0,3,MARKET
1790606946375236100,BUY,64816.5,2,LIMIT
1790606946425236100,BUY,64811.5,15,LIMIT
1790606946475236100,SELL,64815.0,2,LIMIT
1790606946525236100,SELL,64817.0,12,LIMIT
1790606946575236100,SELL,64818.0,7,LIMIT
1790606946625236100,SELL,64822.5,9,LIMIT
1790606946675236100,SELL,64827.5,3,LIMIT
1790606946725236100,BUY,64821.5,11,LIMIT
1790606946775236100,BUY,64818.5,11,LIMIT
1790606946825236100,BUY,64819.5,12,LIMIT
1790606946875236100,BUY,64820.0,5,MARKET
1790606946925236100,BUY,64817.5,5,LIMIT
1790606946975236100,BUY,64820.5,8,LIMIT
1790606947025236100,BUY,64814.5,3,LIMIT
1790606947075236100,BUY,64813.5,13,MARKET
1790606947125236100,SELL,64820.0,11,LIMIT
1790606947175236100,SELL,64810.5,2,LIMIT
1790606947225236100,BUY,64804.5,4,LIMIT
1790606947275236100,SELL,64804.5,12,LIMIT
1790606947325236100,SELL,64798.0,11,LIMIT
1790606947375236100,BUY,64793.5,8,LIMIT
1790606947425236100,BUY,64794.0,1,MARKET
1790606947475236100,SELL,64802.0,4,LIMIT
1790606947525236100,SELL,64797.0,13,LIMIT
1790606947575236100,BUY,64795.0,5,LIMIT
1790606947625236100,SELL,64808.0,2,LIMIT
1790606947675236100,SELL,64814.0,13,LIMIT
1790606947725236100,BUY,64812.5,15,LIMIT
1790606947775236100,BUY,64810.5,11,LIMIT
1790606947825236100,BUY,64812.0,3,MARKET
1790606947875236100,BUY,64807.5,2,LIMIT
1790606947925236100,BUY,64809.5,6,LIMIT
1790606947975236100,BUY,64803.0,7,LIMIT
1790606948025236100,BUY,64809.5,9,LIMIT
1790606948075236100,BUY,64804.5,15,LIMIT
1790606948125236100,BUY,64801.5,10,LIMIT
1790606948175236100,BUY,64793.0,2,LIMIT
1790606948225236100,BUY,64791.0,13,LIMIT
1790606948275236100,BUY,64793.5,9,LIMIT
1790606948325236100,BUY,64794.5,15,LIMIT
1790606948375236100,BUY,64801.0,11,LIMIT
1790606948425236100,SELL,64806.5,2,LIMIT
1790606948475236100,SELL,64806.5,5,LIMIT
1790606948525236100,SELL,64807.5,13,LIMIT
1790606948575236100,BUY,64793.5,7,LIMIT
1790606948625236100,BUY,64797.5,9,LIMIT
1790606948675236100,SELL,64804.5,7,MARKET
1790606948725236100,SELL,64809.0,7,LIMIT
1790606948775236100,BUY,64801.0,11,LIMIT
1790606948825236100,BUY,64805.0,5,LIMIT
1790606948875236100,SELL,64805.5,15,LIMIT
1790606948925236100,SELL,64805.5,15,LIMIT
1790606948975236100,BUY,64804.0,7,MARKET
1790606949025236100,SELL,64813.0,7,LIMIT
1790606949075236100,SELL,64815.0,7,LIMIT
1790606949125236100,SELL,64807.0,4,LIMIT
1790606949175236100,SELL,64806.5,15,MARKET
1790606949225236100,BUY,64803.0,1,LIMIT
1790606949275236100,SELL,64811.5,10,LIMIT
1790606949325236100,SELL,64808.0,11,LIMIT
1790606949375236100,BUY,64798.5,6,MARKET
1790606949425236100,BUY,64795.5,9,MARKET
1790606949475236100,BUY,64794.5,2,MARKET
1790606949525236100,BUY,64795.5,15,LIMIT
1790606949575236100,BUY,64794.5,2,LIMIT
1790606949625236100,SELL,64795.5,2,LIMIT
1790606949675236100,BUY,64797.0,14,LIMIT
1790606949725236100,BUY,64798.5,3,LIMIT
1790606949775236100,SELL,64806.0,1,LIMIT
1790606949825236100,BUY,64795.0,3,LIMIT
1790606949875236100,BUY,64794.0,3,MARKET
1790606949925236100,SELL,64800.0,12,LIMIT
1790606949975236100,BUY,64795.0,9,LIMIT
1790606950025236100,BUY,64798.0,6,LIMIT
1790606950075236100,BUY,64793.0,15,LIMIT
1790606950125236100,BUY,64786.5,8,LIMIT
1790606950175236100,BUY,64787.0,5,LIMIT
1790606950225236100,SELL,64791.0,1,LIMIT
1790606950275236100,BUY,64792.0,10,MARKET
1790606950325236100,BUY,64793.5,10,LIMIT
1790606950375236100,SELL,64793.5,12,MARKET
1790606950425236100,BUY,64786.5,9,LIMIT
1790606950475236100,BUY,64783.5,8,LIMIT
1790606950525236100,SELL,64783.5,2,LIMIT
1790606950575236100,SELL,64778.5,3,LIMIT
1790606950625236100,SELL,64787.5,9,LIMIT
1790606950675236100,SELL,64790.0,3,MARKET
1790606950725236100,BUY,64785.0,5,LIMIT
1790606950775236100,BUY,64791.5,10,MARKET
1790606950825236100,SELL,64795.5,4,LIMIT
1790606950875236100,SELL,64800.0,11,LIMIT
1790606950925236100,BUY,64801.5,3,LIMIT
1790606950975236100,SELL,64810.0,3,LIMIT
1790606951025236100,SELL,64802.0,8,LIMIT
1790606951075236100,BUY,64794.5,15,LIMIT
1790606951125236100,BUY,64788.5,2,LIMIT
1790606951175236100,BUY,64786.0,9,LIMIT
1790606951225236100,SELL,64795.5,6,LIMIT
1790606951275236100,BUY,64792.5,12,MARKET
1790606951325236100,SELL,64793.0,12,LIMIT
1790606951375236100,BUY,64784.0,12,LIMIT
1790606951425236100,BUY,64775.5,10,LIMIT
1790606951475236100,BUY,64781.5,8,LIMIT
1790606951525236100,BUY,64779.5,1,LIMIT
1790606951575236100,SELL,64776.5,8,LIMIT
1790606951625236100,SELL,64774.0,2,LIMIT
1790606951675236100,BUY,64769.5,11,LIMIT
1790606951725236100,SELL,64778.5,11,LIMIT
1790606951775236100,SELL,64780.5,13,LIMIT
1790606951825236100,SELL,64776.5,11,LIMIT
1790606951875236100,SELL,64773.0,11,LIMIT
1790606951925236100,BUY,64764.5,1,LIMIT
1790606951975236100,SELL,64770.5,10,LIMIT
1790606952025236100,SELL,64768.5,5,LIMIT
1790606952075236100,SELL,64762.0,13,LIMIT
1790606952125236100,SELL,64765.5,5,LIMIT
1790606952175236100,SELL,64772.0,5,LIMIT
1790606952225236100,BUY,64770.5,12,LIMIT
1790606952275236100,SELL,64782.0,14,LIMIT
1790606952325236100,SELL,64783.0,15,LIMIT
1790606952375236100,SELL,64780.0,1,LIMIT
1790606952425236100,BUY,64767.5,10,LIMIT
1790606952475236100,BUY,64765.0,3,LIMIT
1790606952525236100,SELL,64768.0,10,LIMIT
1790606952575236100,BUY,64766.0,10,LIMIT
1790606952625236100,BUY,64765.0,8,LIMIT
1790606952675236100,SELL,64770.5,11,LIMIT
1790606952725236100,BUY,64765.5,12,LIMIT
1790606952775236100,SELL,64772.0,3,LIMIT
1790606952825236100,BUY,64763.5,9,LIMIT
1790606952875236100,SELL,64763.0,3,LIMIT
1790606952925236100,SELL,64762.0,9,LIMIT
1790606952975236100,SELL,64765.0,9,LIMIT
1790606953025236100,SELL,64759.5,13,LIMIT
1790606953075236100,BUY,64748.0,11,LIMIT
1790606953125236100,SELL,64755.5,14,LIMIT
1790606953175236100,SELL,64751.0,11,LIMIT
1790606953225236100,SELL,64757.5,7,LIMIT
1790606953275236100,BUY,64755.0,13,LIMIT
1790606953325236100,BUY,64757.0,4,LIMIT
1790606953375236100,BUY,64754.0,13,LIMIT
1790606953425236100,BUY,64753.5,8,LIMIT
1790606953475236100,SELL,64763.0,14,LIMIT
1790606953525236100,SELL,64766.0,7,MARKET
1790606953575236100,BUY,64759.0,9,LIMIT
1790606953625236100,BUY,64761.5,6,LIMIT
1790606953675236100,SELL,64765.0,15,LIMIT
1790606953725236100,BUY,64754.0,3,LIMIT
1790606953775236100,BUY,64750.5,6,LIMIT
1790606953825236100,BUY,64749.5,12,LIMIT
1790606953875236100,SELL,64752.0,5,LIMIT
1790606953925236100,SELL,64749.0,3,MARKET
1790606953975236100,BUY,64746.5,12,LIMIT
1790606954025236100,SELL,64751.5,11,LIMIT
1790606954075236100,BUY,64753.0,4,LIMIT
1790606954125236100,BUY,64750.5,4,LIMIT
1790606954175236100,SELL,64751.5,12,LIMIT
1790606954225236100,SELL,64759.5,10,LIMIT
1790606954275236100,SELL,64754.0,6,LIMIT
1790606954325236100,SELL,64760.5,13,LIMIT
1790606954375236100,BUY,64754.0,7,LIMIT
1790606954425236100,BUY,64749.0,10,LIMIT
1790606954475236100,BUY,64746.0,7,LIMIT
1790606954525236100,SELL,64746.5,2,MARKET
1790606954575236100,BUY,64735.5,3,LIMIT
1790606954625236100,BUY,64739.5,14,LIMIT
1790606954675236100,BUY,64733.5,11,LIMIT
1790606954725236100,BUY,64733.5,13,LIMIT
1790606954775236100,SELL,64741.5,10,MARKET
1790606954825236100,BUY,64732.0,13,LIMIT
1790606954875236100,BUY,64729.0,9,LIMIT
1790606954925236100,SELL,64735.0,12,LIMIT
1790606954975236100,BUY,64724.0,15,LIMIT
1790606955025236100,BUY,64729.5,13,LIMIT
1790606955075236100,BUY,64729.0,4,LIMIT
1790606955125236100,BUY,64734.0,12,LIMIT
1790606955175236100,SELL,64741.0,11,MARKET
1790606955225236100,SELL,64743.5,11,LIMIT
1790606955275236100,BUY,64745.5,9,LIMIT
1790606955325236100,BUY,64743.0,2,MARKET
1790606955375236100,BUY,64745.0,12,LIMIT
1790606955425236100,SELL,64746.0,7,LIMIT
1790606955475236100,BUY,64745.5,7,LIMIT
1790606955525236100,BUY,64743.5,8,LIMIT
1790606955575236100,BUY,64745.5,13,LIMIT
1790606955625236100,SELL,64759.5,10,LIMIT
1790606955675236100,BUY,64748.5,3,LIMIT
1790606955725236100,SELL,64753.5,3,LIMIT
1790606955775236100,BUY,64754.5,15,LIMIT
1790606955825236100,BUY,64752.5,12,MARKET
1790606955875236100,SELL,64755.5,5,LIMIT
1790606955925236100,BUY,64747.5,8,LIMIT
1790606955975236100,BUY,64743.5,15,LIMIT
1790606956025236100,BUY,64743.0,7,LIMIT
1790606956075236100,BUY,64744.0,8,LIMIT
1790606956125236100,SELL,64750.5,15,LIMIT
1790606956175236100,SELL,64754.0,7,LIMIT
1790606956225236100,BUY,64747.5,11,LIMIT
1790606956275236100,SELL,64749.0,1,LIMIT
1790606956325236100,BUY,64738.5,10,LIMIT
1790606956375236100,BUY,64735.0,11,MARKET
1790606956425236100,SELL,64742.5,8,LIMIT
1790606956475236100,SELL,64737.5,8,MARKET
1790606956525236100,SELL,64736.0,8,LIMIT
1790606956575236100,SELL,64733.0,2,LIMIT
1790606956625236100,BUY,64722.5,10,LIMIT
1790606956675236100,SELL,64728.5,13,LIMIT
1790606956725236100,SELL,64728.5,10,MARKET
1790606956775236100,SELL,64724.5,12,LIMIT
1790606956825236100,SELL,64728.0,4,LIMIT
1790606956875236100,SELL,64733.5,9,LIMIT
1790606956925236100,SELL,64734.5,1,LIMIT
1790606956975236100,BUY,64733.5,7,LIMIT
1790606957025236100,SELL,64741.0,9,LIMIT
1790606957075236100,SELL,64749.0,12,LIMIT
1790606957125236100,SELL,64749.5,11,MARKET
1790606957175236100,BUY,64742.0,13,LIMIT
1790606957225236100,BUY,64741.0,5,LIMIT
1790606957275236100,SELL,64745.5,5,MARKET
1790606957325236100,BUY,64741.0,6,LIMIT
1790606957375236100,SELL,64752.5,10,LIMIT
1790606957425236100,BUY,64749.5,3,LIMIT
1790606957475236100,BUY,64749.5,11,MARKET
1790606957525236100,BUY,64752.5,10,MARKET
1790606957575236100,SELL,64761.5,14,LIMIT
1790606957625236100,SELL,64761.5,1,LIMIT
1790606957675236100,BUY,64761.5,14,MARKET
1790606957725236100,BUY,64759.0,13,LIMIT
1790606957775236100,BUY,64759.0,10,LIMIT
1790606957825236100,SELL,64758.5,7,LIMIT
1790606957875236100,SELL,64755.0,11,LIMIT
1790606957925236100,BUY,64750.0,3,LIMIT
1790606957975236100,BUY,64748.5,9,LIMIT
1790606958025236100,SELL,64752.0,2,LIMIT
1790606958075236100,SELL,64750.0,13,LIMIT
1790606958125236100,BUY,64736.5,12,LIMIT
1790606958175236100,SELL,64749.5,6,LIMIT
1790606958225236100,BUY,64740.0,3,LIMIT
1790606958275236100,SELL,64741.5,8,LIMIT
1790606958325236100,SELL,64737.5,8,LIMIT
1790606958375236100,BUY,64728.5,10,LIMIT
1790606958425236100,BUY,64733.5,14,LIMIT
1790606958475236100,SELL,64738.5,7,MARKET
1790606958525236100,SELL,64740.5,14,LIMIT
1790606958575236100,SELL,64746.0,4,LIMIT
1790606958625236100,SELL,64738.0,7,MARKET
1790606958675236100,SELL,64743.5,12,MARKET
1790606958725236100,BUY,64744.0,6,LIMIT
1790606958775236100,SELL,64747.0,6,LIMIT
1790606958825236100,BUY,64738.5,1,LIMIT
1790606958875236100,BUY,64736.5,11,LIMIT
1790606958925236100,BUY,64730.5,9,LIMIT
1790606958975236100,SELL,64735.5,2,LIMIT
1790606959025236100,SELL,64737.0,1,LIMIT
1790606959075236100,SELL,64733.0,13,LIMIT
1790606959125236100,SELL,64739.5,8,MARKET
1790606959175236100,SELL,64742.0,13,LIMIT
1790606959225236100,BUY,64736.0,5,LIMIT
1790606959275236100,BUY,64739.0,7,LIMIT
1790606959325236100,SELL,64738.5,7,LIMIT
1790606959375236100,BUY,64736.0,12,LIMIT
1790606959425236100,SELL,64742.5,15,LIMIT
1790606959475236100,SELL,64740.0,9,MARKET
1790606959525236100,BUY,64728.5,7,LIMIT
1790606959575236100,BUY,64735.5,1,MARKET
1790606959625236100,BUY,64730.0,10,LIMIT
1790606959675236100,SELL,64741.0,5,LIMIT
1790606959725236100,BUY,64732.0,7,LIMIT
1790606959775236100,SELL,64735.0,15,LIMIT
1790606959825236100,BUY,64722.5,12,LIMIT
1790606959875236100,BUY,64728.5,4,LIMIT
1790606959925236100,BUY,64733.0,3,LIMIT
1790606959975236100,SELL,64737.5,6,MARKET
1790606960025236100,BUY,64732.0,15,MARKET
1790606960075236100,SELL,64740.5,4,LIMIT
1790606960125236100,BUY,64732.0,4,LIMIT
1790606960175236100,BUY,64730.0,5,LIMIT
1790606960225236100,BUY,64723.5,10,LIMIT
1790606960275236100,SELL,64727.0,5,LIMIT
1790606960325236100,SELL,64725.0,8,LIMIT
1790606960375236100,BUY,64713.5,7,LIMIT
1790606960425236100,BUY,64705.0,7,LIMIT
1790606960475236100,SELL,64712.5,6,LIMIT
1790606960525236100,SELL,64720.0,4,LIMIT
1790606960575236100,SELL,64721.0,8,LIMIT
1790606960625236100,SELL,64724.0,15,MARKET
1790606960675236100,BUY,64719.0,1,LIMIT
1790606960725236100,BUY,64716.0,13,LIMIT
1790606960775236100,BUY,64718.5,15,MARKET
1790606960825236100,BUY,64724.5,10,LIMIT
1790606960875236100,BUY,64718.5,14,LIMIT
1790606960925236100,SELL,64721.5,8,LIMIT
1790606960975236100,BUY,64715.0,4,MARKET
1790606961025236100,BUY,64711.0,15,LIMIT
1790606961075236100,BUY,64712.0,9,LIMIT
1790606961125236100,BUY,64708.0,7,LIMIT
1790606961175236100,BUY,64704.0,7,LIMIT
1790606961225236100,BUY,64697.5,9,LIMIT
1790606961275236100,BUY,64697.0,3,LIMIT
1790606961325236100,SELL,64694.0,8,LIMIT
1790606961375236100,SELL,64694.0,14,LIMIT
1790606961425236100,BUY,64694.0,3,LIMIT
1790606961475236100,BUY,64699.5,8,LIMIT
1790606961525236100,BUY,64690.0,11,LIMIT
1790606961575236100,BUY,64696.5,8,LIMIT
1790606961625236100,BUY,64698.0,1,LIMIT
1790606961675236100,BUY,64697.5,1,LIMIT
1790606961725236100,SELL,64703.0,10,LIMIT
1790606961775236100,BUY,64697.5,8,LIMIT
1790606961825236100,SELL,64702.0,8,MARKET
1790606961875236100,SELL,64706.0,3,LIMIT
1790606961925236100,BUY,64705.5,11,LIMIT
1790606961975236100,BUY,64708.5,13,LIMIT
1790606962025236100,SELL,64719.0,7,LIMIT
1790606962075236100,BUY,64714.0,7,LIMIT
1790606962125236100,SELL,64713.5,13,MARKET
1790606962175236100,BUY,64704.0,7,LIMIT
1790606962225236100,BUY,64708.5,4,LIMIT
1790606962275236100,BUY,64710.0,8,LIMIT
